,datetime,text
91,2023-04-10 18:05:13+00:00,"–ª–æ–ª, —è —Å –Ω–∏–º –≤ –æ–¥–Ω–æ–π –≥—Ä—É–ø–ø–µ –∑–∞–Ω–∏–º–∞—é—Å—å, –º–µ—Ç—Ä —Å –∫–µ–ø–∫–æ–π –±–µ—Å—è—á–∏–π"
156,2023-04-11 11:03:15+00:00,—á–µ —Ç—ã –º–Ω–µ –ø—Ä–æ—Ç–∏–≤–æ–ø–æ—Å—Ç–∞–≤–∏—à—å —Å—ã–Ω—É–ª—è —à–ª—é—Ö–∏ —è —Ç–≤–æ–π –µ–±–∞–ª—å–Ω–∏–∫ —Å–Ω–µ—Å—É
2,2022-03-29 09:33:31+00:00,–û—Ö—É–µ–Ω–Ω—ã–π —É –≤–∞—Å —á–∞—Ç. –í—Å–µ—Ä–æ—Å—Å–∏–π—Å–∫–∞—è –ø–µ—Ä–µ–ø–∏—Å—å –µ–±–∞–Ω–Ω–æ–π —à–≤–∞–ª–∏
140,2023-04-04 10:19:50+00:00,"–ü—É–∫ —Å—Ä–µ–Ω—å–∫, –æ–±–∏–∂–µ–Ω–∫–∞. –°–∫–æ—Ä–µ–µ –≤—Å–µ–≥–æ —Ç—ã –∏ –ø–ª–∞—á–µ—à—å –≤ –ø–æ–¥—É—à–µ—á–∫—É, –≤–µ–¥—å —Ç–≤–æ—é –ø–æ–ø–∫—É —Ç—Ä–∞—Ö–Ω—É–ª–∏ –∞–∑–µ—Ä—ã, —Ö—ã—ã—ã—ã."
50,2023-04-11 10:44:23+00:00,–Ø —Ç–≤–æ—é –∂–∏—Ä–Ω—É—é —Ç–æ–ª—Å—Ç—É—é –º–∞—Ç—å –µ–±–∞–ª –µ—Å–ª–∏ –∑–∞–≤—Ç—Ä–∞ –Ω–µ –∑–∞—Ö–≤–∞—Ç–∏—à—å 176
38,2023-04-11 10:12:45+00:00,"–µ—â—ë —Ä–∞–Ω—å—à–µ –Ω–µ –º–æ–≥, —É –Ω–∞—Å –±—É–∫–≤–∞–ª—å–Ω–æ —É—Ä–æ–∫ –æ—Å—Ç–∞–≤–∞–ª—Å—è, –≥–µ–Ω–∏–π"
240,2022-05-25 08:22:52+00:00,–£ —Ç–µ–±—è –≤–∏–¥–∏–º–æ –∏ –∑–∞–ª—É–ø—ã –Ω–µ—Ç)) –∏ —è–∏—Ü —Ç–æ–∂–µ..üòÇüòÇ –±–∞–±–∞ –∫–æ—Ä–æ—á–µ üòáü§£
227,2022-09-11 21:03:57+00:00,"–î–ª—è —Ç–æ–≥–æ, —á—Ç–æ–±—ã —ç—Ç–æ —É–≤–∏–¥–µ—Ç—å, –Ω—É–∂–Ω–æ —Å–Ω—è—Ç—å –æ—á–∫–∏ —Ñ–∞–Ω–∞—Ç–∏–∑–º–∞. –í—ã –Ω–∏–∫–æ–≥–¥–∞ –Ω–µ —Å–ª—ã—à–∞–ª–∏ –ø—Ä–æ –õ–û?"
208,2023-03-18 14:23:42+00:00,"—Ç—ã –¥—É–º–∞–µ—à—å —è –Ω–µ –æ—Ç–ª–∏—á—É –≤ —ç—Ç–æ–º –ø–∞–±–ª–∏–∫–µ —Ö—Ä–∏—Å—Ç–∏–∞–Ω–∏–Ω–∞ –∏ –º—É—Å—É–ª—å–º–∞—à–∫—É? –∑–∞—â–∏—â–∞–µ—à—å –∏—Å–ª–∞–º ( —Å–æ—Å—É–æ—Å–ª–∞–º ) —Ç–∞–∫ —á—Ç–æ –≥–æ—Ç–æ–≤ —É–∂–µ –∑–∞–ª—É–ø—É –º—É—Ö–∞–º–µ–¥—É –∏ –µ–≥–æ –∂–µ–Ω–µ –∞–∏—à–µ –æ—Ç–ª–∏–∑–∞—Ç—å, —Ç–∞–∫ —á—Ç–æ –∑–∞ –¥–µ–ª–æ —Å–≤–∏–Ω–æ—Å–æ–±–∞–∫–∞"
235,2022-05-28 08:50:19+00:00,"–û—á–µ–Ω—å —Å–∫—É—á–Ω–∞—è –∏ –Ω–µ–∏–∑–æ–±—Ä–µ—Ç–∞—Ç–µ–ª—å–Ω–∞—è –¥–∞–º–∞, —Ç–∞–∫–∞—è —Ç–æ–ø–æ—Ä–Ω–∞—è –ø–æ–ø—ã—Ç–∫–∞"
116,2023-04-10 19:27:38+00:00,–í—ã –ø–æ—Å–º–æ—Ç—Ä–∏—Ç–µ –∫–∞–∫ –º—ã –µ–º—É –∫–æ–º–µ–Ω—Ç—ã –∑–∞—Å—Ä–∞–ª–∏ –µ–º—É —ç—Ç–æ –≤—Å—ë —Ä–∞–∑–≥—Ä–µ–±–∞–πü§£ü§£
234,2022-08-12 13:48:13+00:00,"–ë–µ–¥–Ω—ã–π –∏ –æ–≥—Ä–∞–Ω–∏—á–µ–Ω—ã–πüòÇ –Ω–µ –ø–æ–≤–µ–∑–ª–æ –≤–∞–º —Å —ç—Ç–∏–º–∏ –∂–µ–Ω—â–∏–Ω–∞–º–∏  –Ω–µ –∑—Ä—è –≥–æ–≤–æ—Ä—è—Ç –ø–æ–¥–æ–±–Ω–æ–µ –ø—Ä–∏—Ç—è–≥–∏–≤–∞–µ—Ç –ø–æ–¥–æ–±–Ω–æ–µ..., –∞ –º–æ–π –º—É–∂—á–∏–Ω–∞ –≤—Å–µ–≥–¥–∞ –º–Ω–æ–π –≤–æ—Å—Ö–∏—â–∞—Ç—å—Å—è!!!"
177,2023-01-24 12:34:33+00:00,–¢—ã —Å–∞–º –ø–æ–Ω–∏–º–∞–µ—à—å  —á—Ç–æ –µ—Å–ª–∏ —è –Ω–µ –∑–Ω–∞–ª —ç—Ç–æ —Ç–æ —ç—Ç–æ –Ω–∏—Ö—É—è –Ω–µ –º–µ–Ω—è–µ—Ç –∏ —è –∫–∞–∫ –±—ã –º–æ–≥—É –µ—â–µ –∏ –±–æ–ª—å—à–µ —Ç–µ–±—è –∑–Ω–∞—Ç—å
45,2023-04-11 09:35:26+00:00,–ó–∞ —Ç–≤–æ–∏ –ø—Ä–æ–¥–µ–ª–∫–∏ –±–ª—è—Ç—å  —Ç—ã –º–æ–∂–µ—à—å –ø–æ–ª—É—á–∏—Ç—å –∞–¥–º–∏–Ω–∏—Å—Ç—Ä–∞—Ç–∏–≤–Ω–æ–µ –Ω–∞–∫–∞–∑–∞–Ω–∏–µ –∏ –≤–æ–∑–º–æ–∂–Ω–æ –¥–∞–∂–µ –ø–æ—á—Ç–∏ —Ç—ã –¥–µ–ª–∞–µ—à—å —ç—Ç–æ —Ç–µ—Ä—Ä–æ—Ä–∏—Å—Ç–∏—á–µ—Å–∫—É—é –≥—Ä—É–ø–ø–∏—Ä–æ–≤–∫—É
51,2023-04-11 09:43:15+00:00,–ë–∏–±–∏–∑—è–Ω–∫—É –Ω–∞–π–¥—É—Ç –∏ –ø–æ—Å–∞–¥—è—Ç –æ–±—Ä–∞—Ç–Ω–æ –≤ –∑–æ–æ–ø–∞—Ä–∫ –≤ –≤–æ–ª—å–µ—Ä
83,2023-04-11 09:17:10+00:00,–ö–∞–∫ —É –Ω–∞—Å –≤ –∫–ª–∞—Å—Å–µ –≥–æ–≤–æ—Ä–∏—Ç—Å—è –ú–∞—Ç–≤–µ–π —Ö—É–π–Ω–∏ –Ω–µ —Å–∫–∞–∂–µ—Ç
28,2023-02-13 12:32:08+00:00,"–ë–ª—è—Ç—å —è –Ω–µ —Ç–≤–æ–π –±—Ä–∞—Ç –∏–¥–∏ –Ω–∞ —Ö—É–π, –∏ –º—ã —Ä–µ—à–∏–ª–∏ —á—Ç–æ —Ç—ã —Å –ø–æ–∑–æ—Ä –æ—Ç–∫—Ä—ã–≤–∞–µ—à—å –æ–∫–Ω–æ –∏ –ø—Ä—ã–≥–∞–µ—à—å"
119,2023-04-10 10:25:44+00:00,–¢—ã –µ–±–∞–Ω–Ω–æ–µ —Å—ã–∫–ª–æ –∫–æ—Ç–æ—Ä–æ–µ —Å–∏–¥–∏—Ç –Ω–∞ –¥–∏–≤–∞–Ω–µ –∂—Ä—ë—Ç —á–∏–ø—Å—ã –∏ —É–≥—Ä–æ–∂–∞–µ—Ç —Ç—ã –Ω–∏–∫—Ç–æ –≤ —ç—Ç–æ–π –∂–∏–∑–Ω–∏
103,2023-04-10 13:49:20+00:00,–∫–∞–∫–æ–π-—Ç–æ —à–∫–æ–ª—å–Ω–∏–∫ –∑–∞–ø—É–≥–∏–≤–∞–µ—Ç –¥–µ—Ç–µ–π –∏ —É—Å—Ç—Ä–∞–∏–≤–∞–µ—Ç ¬´—Ç–µ—Ä–∞–∫—Ç¬ª —ç—Ç–æ –≥–ª—É–ø–æ
0,2022-06-30 21:26:44+00:00,"–ü—Ä–æ—Å—Ç–æ –ø–∏–∑–¥–µ—Ü, –ø—Ö–∞—Ö–∞—Ö–∞—Ö–∞, —Å—Ç–∞–≤–∏—Ç—å –∑ –Ω–∞ –∞–≤—É –∏ —á—ë—Ä–Ω–æ–µ —Å–æ–ª–Ω—Ü–µ, –∫–∞–∫–∏–º –∂–µ –Ω—É–∂–Ω–æ –±—ã—Ç—å —Ö—É–µ—Å–æ—Å–æ–º, –∫–æ–º–º—É–Ω–∏—Å—Ç–æ–º –∏ –ø–∏–¥–æ—Ä–∞—Å–æ–º"
49,2023-04-11 11:09:24+00:00,"–≠—Ç–æ –≤—Å–µ –≤—Ä–∞–Ω—å—ë !!!!
–ß—É—à—å!!! –ù–∞–º –æ–±–µ—â–∞–ª–∏... 
–ù–∏—á–µ–≥–æ! 
—É –Ω–∏—Ö –±—É–¥–µ—Ç –ø—Ä–æ–≤–µ—Ä–∫–∞ –∏ –ø—Ä–æ–±–ª–µ–º—ã .. –û–Ω–∏ —ç—Ç–æ —É–∂–µ –æ–±—Å—É–∂–¥–∞–ª–∏...
–ï–°–õ–ò –ù–ï –•–û–¢–ò–¢–ï –ü–†–û–ë–õ–ï–ú ... ...–î–û –°–í–ò–î–ê–ù–ò–Ø! 
–≠–¢–û –í–†–ê–ù–¨–Å –ò –ù–ï –ü–†–ê–í–î–ê!!!"
121,2023-04-10 13:39:54+00:00,"–°–ø–∞—Å–∏–±–æ, –Ω–æ –∫–æ–º—É-—Ç–æ —Å–¥–∞–≤–∞—Ç—å —ç–∫–∑–∞–º–µ–Ω—ã, –µ–±–∞–Ω–∞—Ç, –±–ª—è—Ç—å."
254,2022-05-25 15:20:55+00:00,"–î–∞ —Ç–∞–º –±–µ—Å–ø–æ–ª–µ–∑–Ω–æ —Å–ø–æ—Ä–∏—Ç—å, —Ç–∞–∫–∏—Ö –∑–∞ —Ä–µ—à–µ—Ç–∫—É –Ω–∞–¥–æ. –ë–µ–∑ —Ä–∞–∑–≥–æ–≤–æ—Ä–æ–≤ –∏ –ø–∞–ª–∫–∞–º–∏ –±–∏—Ç—å, –æ–Ω–∏ —Ç–æ–ª—å–∫–æ —Ç–∞–∫ –ø–æ–Ω–∏–º–∞—é—Ç. –ù–µ—Ç —Å–º—ã—Å–ª–∞ –¥–æ–∫–∞–∑—ã–≤–∞—Ç—å –∏ –±—Ä–æ—Å–∞—Ç—å –∂–µ–º—á—É–≥ –ø–µ—Ä–µ–¥ —Å–≤–∏–Ω—å—ë–π, –Ω–µ –æ—Ü–µ–Ω–∏—Ç"
196,2023-03-16 09:20:52+00:00,"–í—ã–∫–∏–¥—ã—à —ç—Ç–æ —Ç–≤–æ–π –¥–µ–¥, –∫–æ—Ç–æ—Ä—ã–π —Å–º–æ–≥ –ø–æ–µ–±–∞—Ç—å—Å—è —Å –¥—Ä—É–≥–∏–º–∏ –æ–±–µ–∑—å—è–Ω–∞–º–∏ –∫–∞–∫ –æ–Ω"
131,2023-04-04 19:04:27+00:00,–ù—É –∏? –ö–∞–∫–∏–º –±–æ–∫–æ–º –∫ –Ω–∏–º –∏–¥–µ—Ç –ø—Ä–∞–≤–∞ —Ö–∞—á–∞ –∞—Ä–º—è–Ω–∏–Ω–∞ –≤ –µ–≥–æ –∂–µ —Å—Ç—Ä–∞–Ω–µ
32,2023-02-13 12:41:40+00:00,"–î–∞ –Ω–µ –∑–∞ —á—Ç–æ, —Ç–∞–∫ –∏ —Å–∫–∞–∂–∏ —á—Ç–æ —É  —Ç–µ–±—è –∑–∞–∫–æ–Ω—á–∏–ª—Å—è —Å–ª–æ–≤–∞—Ä–Ω—ã–π –∑–∞–ø–∞—Å —Ç—ã —É–º–∞–ª–µ—à—ë–Ω–æ–µ –∂–∏–≤–æ—Ç–Ω–æ–µ –Ω–∞—á–∞–ª –º–µ—Ç–∞—Ç—å —Å—Ç—Ä–µ–ª–∫–∏"
46,2023-04-11 09:46:00+00:00,"–ë–ª —è —Å—á–∏—Ç–∞—é —á—Ç–æ —ç—Ç–æ –Ω–µ –Ω–æ—Ä–º–∞–ª—å–Ω–æ, –∫—Ç–æ —Ç–æ —Ç—É—Ç –≤–µ–¥—å —Ä–µ–∞–ª—å–Ω–æ –Ω–µ —à—É—Ç–∏—Ç."
34,2023-01-13 11:53:28+00:00,–æ–±—ã—á–Ω–æ —è —Ä–≤—ë—Ç—Å—è –æ—á–µ–ª–∞ —Ç–≤–æ–µ–π —Ç—É–ø–æ–≥–æ–ª–æ–≤–æ–π –ø—Ä–æ–±–∏—Ç–æ–π –º–∞–º–∞—à–∏
163,2023-04-05 07:36:29+00:00,–¢–∏–ø–æ –µ—Å–ª–∏ —Ö–æ—á–µ—à—å –ø–µ—Ä–µ–∫–∏–Ω—É—Ç—å—Å—è –æ—Å–∫–æ—Ä–±–ª–µ–Ω–∏—è–º–∏ —Ç–æ –æ–∫–µ–π
19,2023-02-07 13:47:14+00:00,"–î–∞ —Ä–∞—Å—Å–∫–∞–∂–∏ ""–Ω–µ–≤—ã–¥—É–º–∞–Ω–Ω—ã–µ –∏—Å—Ç–æ—Ä–∏–∏ –ø—Ä–æ –∫–æ—Ç–æ—Ä—ã–µ —Å–ª–æ–∂–Ω–æ –º–æ–ª—á–∞—Ç—å"" –ë—É–¥—É —Ä–∞–¥ –ø–æ—Å–ª—É—à–∞—Ç—å"
181,2023-02-05 22:47:07+00:00,"–º–∞–ª–µ–Ω—å–∫–∏–π —Ä–∞—Å–∏—è–Ω–∏—à–∫–∞ –ø–∏–∑–¥–∏—Ç 
–∑–∞–≤–∞–ª–∏ –µ–±–∞–ª–æ —É–∂–µ —Å–≤–æ–µ —á—É—Ä–∫–∞"
71,2023-04-11 07:32:59+00:00,"—è –ª–∏—à—å —Å–ø—Ä–∞—à–∏–≤–∞—é —Ç–µ–±—è,–≤–µ–¥—å –≤—Å–µ —á—Ç–æ —Ç—ã –º–Ω–µ –ø–∏—à–µ—à—å –∑–∞–∫–ª—é—á–µ–Ω–æ –≤ –º–∞—Ç–µ, –Ω–µ –±–æ–ª—å—à–µ"
210,2023-03-15 18:07:44+00:00,"–ê –ø–æ—á–µ–º—É –Ω–µ –±–æ–ª–µ–µ –≤–∞–∂–Ω—ã—Ö –ª—é–¥–µ–π? –°–∫–æ–ª—å–∫–æ –±–∏–∑–Ω–µ—Å –º–µ–Ω–æ–≤ –∑–∞–Ω–∏–º–∞—é—Ç—Å—è —Å–µ–∫—Å–æ–º —Å –¥–µ—Ç—å–º–∏ –∑–∞ –¥–µ–Ω—å–≥–∏. –ò –Ω–µ—á–µ–≥–æ, –Ω–∏–∫—Ç–æ –∏—Ö –Ω–µ —Ç—Ä–æ–≥–∞–µ—Ç. –¢–µ—Å–∞–∫ —É–∂–µ –ø—ã—Ç–∞–ª—Å—è –±–∞–∑–∞—Ä–∏—Ç—å—Å—è –Ω–∞ –æ–ø–∞—Å–Ω—ã—Ö –¥–ª—è –Ω–µ–≥–æ –ª—é–¥–µ–π. –ò –≤ —Ä–µ–∑—É–ª—å—Ç–∞—Ç–µ —É–º–µ—Ä. –¢–µ—Å–∞–∫ —Å–∞–º—ã–π –æ–±—ã—á–Ω—ã–π —Å–ª–∞–±–∞–∫, –∫–æ—Ç–æ—Ä—ã–π –º–æ–∂–µ—Ç —É–Ω–∏–∂–∞—Ç—å —Ç–æ–ª—å–∫–æ –ª–æ—Ö–æ–≤. –ï–≥–æ —Å–º–µ—Ä—Ç—å —ç—Ç–æ –¥–æ–∫–∞–∑–∞–ª–∞."
137,2023-04-04 20:06:05+00:00,"–û–Ω –¥–∞—É–Ω –ø—Ä–æ—Å—Ç–æ, –∏ —á—Ç–æ–± –ø–æ–¥–¥–µ—Ä–∂–∏–≤–∞—Ç—å –ú–∞–∫—Å–∏–º–∞ –Ω–µ –æ–±—è–∑–∞—Ç–µ–ª—å–Ω–æ —Å–∫–∏–Ω–æ–º –±—ã—Ç—å"
247,2022-05-25 07:07:14+00:00,"–ù—É —á–µ —Ç—ã –≥–¥–µ —Ç–∞–º, –¥–∞–≤–∏–ª–∫–∞ –µ—â—ë –Ω–µ –≤—ã—Ä–æ—Å–ª–∞, –¥–∞–≤–∏—Ç—å –æ–Ω —Å–æ–±—Ä–∞–ª—Å—è"
139,2023-04-07 11:35:20+00:00,–∞ –≤–æ—Ç —Å–æ —Å—Ç–∞—Ä—ã–º–∏ —É –º–µ–Ω—è –∏—Å—Ç–æ—Ä–∏—è –∫–∞–∫ –æ–Ω–∏ —Ö—É–µ–≤–æ –ø–æ–∫—Ä–∞—Å–∏–ª–∏ —Ö–∞—Ç—É)
56,2023-04-11 07:23:36+00:00,"–ü–∏–ø–µ—Ü,—É –Ω–∞—Å –º–∞—Ç–µ–º–∞—Ç–∏–∫–∞ —Å–ø—Ä–æ—Å–∏–ª–∞ —Å–∫–æ–ª—å–∫–æ –Ω–∞—Å —á–µ–ª–æ–≤–µ–∫ –≤ –∫–ª–∞—Å—Å–µ....–º–Ω–µ —Å—Ç—Ä–∞—à–Ω–∞"
169,2023-02-21 18:11:55+00:00,"–¢—ã –±–µ—Ä—ë—à—å —Å–ª–∏—à–∫–æ–º –Ω–∏–∑–∫—É—é –ø–ª–∞–Ω–∫—É ‚Äî —Å–ø—Ä–æ—Å–∏, –Ω–∞ –∫–æ–π —è –≤–æ–æ–±—â–µ –º—ã—Å–ª—é –∏ –∞–Ω–∞–ª–∏–∑–∏—Ä—É—é?"
167,2023-02-22 17:25:56+00:00,"–î–∞—É–Ω —ç—Ç–æ –Ω–µ –±–æ–ª–µ–∑–Ω—å —ç—Ç–æ –≤—Å–µ–≥–æ –ª–∏—à—å –ª–∏—à–Ω—è—è —Ö—Ä–æ–º–æ—Å–æ–º–∞,—Ç—ã —á—É—á–µ–ª–æ –µ–±–∞–Ω–æ–µ –æ–±–µ–∑—å—è–Ω–∞ —É–º–Ω–µ–µ —Ç–µ–±—è"
74,2023-04-11 07:30:12+00:00,"–ù–∞–¥–µ—é—Å—å —Ä–æ–¥–∏—Ç–µ–ª–∏ —É–≤–∏–¥—è—Ç –≥–¥–µ –æ–Ω–∏ –∏ –∫–∞–∫ –ø–∏—à—É—Ç,  —Å–¥–∞–¥—É—Ç –∏—Ö –≤ –ø—Ä–∏—é—Ç"
253,2022-05-25 15:35:32+00:00,"–î–∞ –µ–≥–æ –Ω–∞ –≥–æ–º–æ—Å—è—Ç–∏–Ω–µ –∑–∞–º–∫–Ω—É–ª–∏ –æ–Ω —Ç–æ–ª—å–∫–æ –ø—Ä–æ –Ω–µ—ë –≥–æ–≤–æ—Ä–∏—Ç, –≤–∏–¥–∏–º–æ –±–µ—Å–ø–æ–∫–æ–∏—Ç –µ–≥–æ —ç—Ç–æ –∏–ª–∏ –º–∞–ª—å—á–∏–∫ –Ω—Ä–∞–≤–∏—Ç—Å—è –∞ –≤–∑–∞–∏–º–Ω–æ—Å—Ç—å—é –Ω–µ –æ—Ç–≤–µ—á–∞–µ—Ç, –≤–æ—Ç –∏ –±–µ—Å–∏—Ç—Å—è)))
–ü–æ—ç—Ç–æ–º—É –Ω–µ –æ–±—Ä–∞—â–∞–π –≤–Ω–∏–º–∞–Ω–∏—è, –ø—Ä–æ—Å—Ç–æ –∑–∞–±–µ–π –æ–Ω –ø–æ–æ—Ä–µ—Ç –∏ —É–π–¥–µ—Ç)"
55,2023-04-11 07:36:20+00:00,"—á–µ–ª —Ç—ã —á–µ –æ–ø–∑–¥—ã–≤–∞–µ—à—å? –µ—Å–ª–∏  —Å–µ–π—á–∞—Å –Ω–µ –ø—Ä–∏–π–¥–µ—à—å, —Ç—ã –º—É–∂ —Ä—É—Å—Å–∏—á–∫–∏"
220,2022-09-10 23:08:13+00:00,"–ö–∞–∫–æ–π –ø—Ä–∏–º–µ—Ä —Ç—ã —Å–æ–±—Ä–∞–ª—Å—è –∏—Å–ø–æ–ª—å–∑–æ–≤–∞—Ç—å? –ö–∞–∫, –∑–∞—Ö–æ–¥—è –≤ –≥–æ—Ä–æ–¥, —É–±–∏–≤–∞—Ç—å –≤—Å–µ—Ö –ª—é–¥–µ–π –º—É–∂—Å–∫–æ–≥–æ –ø–æ–ª–∞ –∏ –Ω–∞—Å–∏–ª–æ–≤–∞—Ç—å –¥–µ–≤–æ—á–µ–∫? –ù—É —Ç–∞–∫ —Ä–∞—à–∏—Å—Ç—ã —Ç–∞–∫ –∏ –¥–µ–ª–∞—é—Ç. –í—Å—ë –ø–æ –ø—Ä–∏–º–µ—Ä–∞–º –∏–∑ –í–µ—Ç—Ö–æ–≥–æ –∑–∞–≤–µ—Ç–∞.

–ß–µ–ª, —Ç—ã –≤–æ–æ–±—â–µ –ë–∏–±–ª–∏—é —á–∏—Ç–∞–ª? –í–µ—Ç—Ö–∏–π –∑–∞–≤–µ—Ç –±–æ–ª—å—à–µ –Ω–µ –¥–µ–π—Å—Ç–≤—É–µ—Ç, —Å–º–µ—Ä—Ç—å –•—Ä–∏—Å—Ç–∞ –µ–≥–æ –ø–æ–ª–Ω–æ—Å—Ç—å—é –æ—Ç–º–µ–Ω–∏–ª–∞. –¢—ã —Ö–æ—Ç—è –±—ã —Ä–∞–∑–æ–±—Ä–∞–ª—Å—è —Å–Ω–∞—á–∞–ª–∞ –≤ –ª–æ—Ä–µ —Å–≤–æ–µ–π –∂–µ —Å–æ–±—Å—Ç–≤–µ–Ω–Ω–æ–π —Ä–µ–ª–∏–≥–∏–∏. –í—Å–µ –ø—Ä–∏–º–µ—Ä—ã –∏–∑ –í–µ—Ç—Ö–æ–≥–æ –∑–∞–≤–µ—Ç–∞ –º–æ–∂–Ω–æ –∏ –Ω—É–∂–Ω–æ –≤—ã–∫–∏–Ω—É—Ç—å –≤ –º—É—Å–æ—Ä–Ω–∏–∫. –ï—Å–ª–∏ —Ç—ã –Ω–µ —Ö–æ—á–µ—à—å –ø–æ–µ—Ö–∞—Ç—å –∫—É–∫–æ—Ö–æ–π –æ—Ç –∫–∞—Ä–¥–∏–Ω–∞–ª—å–Ω—ã—Ö –ø—Ä–æ—Ç–∏–≤–æ—Ä–µ—á–∏–π –º–µ–∂–¥—É –Ω–∏–º –∏ –ù–æ–≤—ã–º –∑–∞–≤–µ—Ç–æ–º. –ò–ª–∏ –æ—Ç –≤—Å–µ–π —Ç–æ–π –¥–∏—á–∏, –∫–æ—Ç–æ—Ä–∞—è —Ç–∞–º –∑–∞–ø–∏—Å–∞–Ω–∞.

–ü—Ä–æ–±–ª–µ–º–∞ –≤ —Ç–æ–º, —á—Ç–æ –Ω–∏ –ò–µ–≥–æ–≤–∞, –Ω–∏ –Ø—Ö–≤–µ –Ω–µ —è–≤–ª—è—é—Ç—Å—è –∏–º–µ–Ω–∞–º–∏ –ë–æ–≥–∞. –° —Ç–∞–∫–∏–º –∂–µ —É—Å–ø–µ—Ö–æ–º –º–æ–∂–Ω–æ –Ω–∞—Ä–∏—Å–æ–≤–∞—Ç—å –∏–∫–æ–Ω–∫—É –∏ –ø–æ–∫–ª–æ–Ω–µ–Ω–∏–µ –µ–π –Ω–∞–∑–≤–∞—Ç—å –µ—ë –±–æ–≥–æ–º. –ù–∏–∫—Ç–æ –Ω–µ –≤–∏–¥–µ–ª –ë–æ–≥–∞, –∞ –º—ã –Ω–∞—Ä–∏—Å—É–µ–º! –ï—â—ë –∏ –ø–æ–∫–ª–æ–Ω–∏–º—Å—è. –õ - –ª–æ–≥–∏–∫–∞. –í–æ—Ç —ç—Ç–æ –≤—ã –∏ –¥–µ–ª–∞–µ—Ç–µ."
166,2023-04-10 20:54:14+00:00,"–í —á–∞—Ç–µ –æ–¥–Ω–∏ –∏–Ω—Ç–µ—Ä–Ω–µ—Ç–Ω—ã–µ –≥–µ—Ä–æ–∏ –ª–µ—Ç 14 –∏–ª–∏ 12 . –¢–æ–ª—å–∫–æ –≤ –∏–Ω—Ç–µ—Ä–Ω–µ—Ç–µ –Ω–µ–≥—Ä–æ–≤ –∏ —á—É—Ä–æ–∫(–∏ —Ä—É—Å—Å–∫–∏—Ö) –Ω–µ–Ω–∞–≤–∏–¥–∏—Ç–µ –∞ –≤ —Ä–µ–∞–ª—å–Ω–æ–π –∂–∏–∑–Ω–∏ —Å—Å—ã–∫—É–µ—Ç–µ üòÅ. –ù–µ –≤–∞–∂–Ω–æ —Ö–æ—Ö–æ–ª –∏–ª–∏ –∫–∞—Ü–∞–ø –≥–ª–∞–≤–Ω–∞—è –ø—Ä–æ–±–ª–µ–º–∞ —ç—Ç–æ —á—É—Ä–∫–∏ –∏ –Ω–µ–≥—Ä—ã –∫–æ—Ç–æ—Ä—ã–µ –µ–±—É—Ç –≤–∞—à–∏—Ö –∂–µ–Ω—â–∏–Ω –ø–æ–∫–∞ –≤–∞—à–∏ –º—É–∂—á–∏–Ω—ã –Ω–∞—Å–∏–ª—å–Ω–æ –≤–æ—é—é—Ç, –Ω–æ –≤—ã —à–∫–æ–ª–æ—Ç–∞ –æ–±–æ—Å—Ä–∞–Ω–Ω–∞—è –Ω–µ –ø–æ–π–º—ë—Ç–µ —ç—Ç–æ. –®–∫–æ–ª—å–Ω–∏–∫–∏ –∏ –≤ –†–æ—Å—Å–∏–∏ –∏ –≤ –£–∫—Ä–∞–∏–Ω–µ –¥–æ–ª–∂–Ω—ã –≤—ã—Ö–æ–¥–∏—Ç—å –Ω–∞ —É–ª–∏—Ü—ã –≤–º–µ—Å—Ç–æ –º—É–∂—á–∏–Ω –∏ –≤—ã—Ä—É–±–∞—Ç—å —á–µ—Ä–Ω–æ–∂–æ–ø—ã—Ö , –ª–∏–±–æ –∏–¥–∏—Ç–µ –º–∞–º–µ –ø–æ–º–æ–≥–∞—Ç—å –≤–º–µ—Å—Ç–æ —Ç–æ–≥–æ —á—Ç–æ–±—ã —Ö—É—è–º–∏ –º–µ—Ä–∏—Ç—Å—è –∑–¥–µ—Å—å –≤ –∏–Ω—Ç–µ—Ä–Ω–µ—Ç–µ . –ú–Ω–µ –≤ –∏–Ω—Ç–µ—Ä–Ω–µ—Ç–µ —Ç–æ–∂–µ –Ω–∏—á–µ–≥–æ –¥–æ–∫–∞–∑—ã–≤–∞—Ç—å –Ω–µ –Ω–∞–¥–æ –∏ —è –≤–∞–º —Ç–æ–∂–µ –¥–æ–∫–∞–∑—ã–≤–∞—Ç—å –Ω–µ –±—É–¥—É.  –í—Å—ë –Ω–∞ –≤–∞—à—É —Å–æ–≤–µ—Å—Ç—å"
214,2023-04-03 19:57:12+00:00,"–Ø –Ω–µ –º–æ–≥—É —É–ª–æ–≤–∏—Ç—å —Å—É—Ç—å , –≥–¥–µ –≤–∑–∞–∏–º–æ—Å–≤—è–∑—å?–µ—Å–ª–∏ –±—ã —è –±—ã–ª –∞–Ω—Ç–∏—Ñ–∞ —è –±—ã —Å–∏–¥–µ–ª —Ç—É—Ç?–≤–∫–ª—é—á–∏ –º–æ–∑–≥"
222,2022-09-02 12:11:07+00:00,"–°–ª—É—à–∞–π –¥–∏–Ω–æ–∑–∞–≤—Ä –†–µ–∫—Å –µ—Å—Ç—å –∫–∞–Ω–∞–ª –ü–∞–ª–µ–æ–Ω—Ç–æ–ª–æ–≥–∏—è –¥–∏–Ω–æ–∑–∞–≤—Ä–æ–≤, –ø—Ä–∏—Ö–æ–¥–∏ –ø–æ –æ–±—â–∞–µ–º—Å—è –æ –¥–∏–Ω–æ–∑–∞–≤—Ä–∞—Ö –∫–∞–∫–∏–µ –±—ã–ª–∏ –≤ —Ä–∞–∑–Ω—ã—Ö –ø–µ—Ä–∏–æ–¥–æ–≤ –º–µ–∑–æ–∑–æ–π—Å–∫–∞–π —ç—Ä—ã,
–º–æ–∂–µ—Ç —á—Ç–æ —Ç–æ –Ω–æ–≤–æ–≥–æ –¥–ª—è —Å–µ–±—è –æ—Ç–∫—Ä–æ–µ—Ç–µ, –∫—Ä–æ–º–µ —Å—Ç–æ—Ä–æ–∂–µ–≤–æ–π –±–∞—Å–Ω–∏."
123,2023-04-10 11:51:49+00:00,"–ù–µ—Ç))) –µ–±–∞–Ω—É—Ç—ã–µ, –≤—ã –µ–±–Ω—É—Ç—ã–µ –ö—Ä—ã—Å—ã —Ä–∏–ª, –∫–ª–æ—É–Ω–∞ –µ–±–∞–Ω—ã–µ"
190,2023-03-28 04:02:02+00:00,–ö—Ç–æ-–Ω–∏–±—É–¥—å –∑–∞–∫–∞–∑—ã–≤–∞–ª –≤ –≤–æ–ª—å—Ñ–∑–∞–Ω–≥–µ–ª—å —à–æ–ø–µ? –ù–µ –∫–∏–¥–∞—é—Ç?
3,2022-05-12 12:02:16+00:00,"–ù–∞—Ä–æ–¥, –∫–∏–Ω—Ç–µ –ø–ª–∑ –≤–∏–¥–µ–æ –≥–¥–µ —Ç–µ—Å–∞–∫ –æ–±–º–∞–∑–∞–Ω —Å–∞–∂–µ–π –≤ —à–∞–ø–æ—á–∫–µ –∫–∞–∫ –Ω–∞—Ä–∫–æ—Ç–æ—Ä–≥–æ–≤–µ—Ü, —Ç–∞–º –µ—â—ë –∑–∞ –Ω–∏–º –±–µ–≥–∞–ª–∏ –ø–æ –¥–µ—Ç—Å–∫–æ–π –ø–ª–æ—â–∞–¥–∫–µ..."
174,2023-02-03 15:51:25+00:00,–í—ã–µ–±—ã–≤–∞—Ç—å—Å—è –æ–Ω–∏ –Ω–∞—á–∞–ª–∏ –∫–æ–≥–¥–∞ –ì—Ä–æ–∑–Ω—ã–π —Å –ª–∏—Ü–∞ –∑–µ–º–ª–∏ —Å—Ç–µ—Ä–ª–∏ –∫ —Ö—É—è–º —Å–æ–±–∞—á—å–∏–º
26,2022-06-03 13:02:29+00:00,"–≠—Ç–æ –Ω–µ –æ–∑–Ω–∞—á–∞–µ—Ç —á—Ç–æ —è –∞–Ω–∏–º–µ—à–Ω–∏–∫
–ü–æ—ç—Ç–æ–º—É —Ç—ã —Å–æ—Å–µ—à—å —Ö—É–π"
100,2023-04-10 18:22:13+00:00,"–¥–∞ –ª–∞–¥–Ω–æ —É—Å–ø–æ–∫–æ–π—Ç–µ—Å—å, –º–∞–ª—å—á–∏–∫ –≤–Ω–∏–º–∞–Ω–∏—è –ø—Ä–æ—Å—Ç–æ —Ö–æ—á–µ—Ç"
189,2023-03-27 14:40:23+00:00,"–ï—Å–ª–∏ —Ç—ã —Ç–æ–≥–æ –Ω–µ –≤–∏–¥–∏—à—å –∏ –Ω–µ –æ—Å–∏–ª–∏–ª –ø—Ä–æ—á–µ—Å—Ç—å –∞—Ä–≥—É–º–µ–Ω—Ç–∞—Ü–∏—é –ê–¥–æ–ª—å—Ñ–∞, —Ç–æ —Ç—ã —Ç–æ–∂–µ –¥–µ–≥–µ–Ω–µ—Ä–∞—Ç."
8,2021-06-10 09:23:14+00:00,–ü—Ä–∏–≤–µ—Ç –±—Ä–∞—Ç–≤–∞. –Ø –ø–µ—Ä–µ–ø–∏—Å—ã–≤–∞–ª—Å—è —Å —Ç–µ—Å–∞–∫–æ–º –∫–∞–∫ –≥–æ–≤–æ—Ä–∏—Ç—Å—è –¥—É–º–∞–ª –±—É–¥–µ—Ç –¥–≤–∏–∂ –∞ —Å—Ç–∞–ª–æ –±–µ—Å—Ü–µ–Ω–Ω–æ–π –ø–∞–º—è—Ç—å—é. –ï—Å—Ç—å —É –∫–æ–≥–æ –Ω–∏–±—É–¥—å —Ä–µ–∫–ª–∞–º–∞ –¢–µ—Å–∞–∫–∞ –ù–µ –ø–æ–∫—É–ø–∞–π —É —á—É—Ä–æ–∫. –ò –≤—Å—Ç—É–ø–∞–π—Ç–µ –≤ –≥—Ä—É–ø–ø—É –Ω–∞—Ü–∏–æ–Ω–∞–ª–∏—Å—Ç–∞ –ù–∏–∫–æ–ª–∞—è –ë–æ–Ω–¥–∞—Ä–∏–∫–∞. –û–Ω –¢–µ—Å–∞–∫—É –¥–µ–ª–∞–ª —Å–µ–º–∏–Ω–∞—Ä—ã –≤ –ü–∏—Ç–µ—Ä–µ –∏ —â–∞—Å –∑–∞–º–µ—Å—Ç–æ –¢–µ—Å–∞–∫–∞ —Å—Ç–∞–ª –æ—á –∫—Ä—É—Ç–æ–π —á—É–≤–∞–∫
158,2023-04-11 11:07:42+00:00,–∞ –Ω—É –¥–∞–≤–∞–π –Ω–∞–∫–∞—Ç–∏ –º–æ–µ–π —Å–ø–µ—Ä–º—ã —Å–µ–±–µ –≤ —Ä—ã–ª–æ —á–µ–ø—É—à –µ–±–∞–Ω—ã–π —Ö—Ö–∞—Ö–∞
77,2023-04-11 07:51:43+00:00,–ß–º–æ–Ω—è –∫–æ—Ä–µ–π—Å–∫–∏–π –±–ª—è—Ç—å. –ù–µ–Ω–∞–≤–∏–∂—É —Ç–µ–±—è –ø—É–ø—Å–∏–∫ –æ–±–æ—Å–∞–Ω–Ω—ã–π. –¢—ã —Å–µ–±–µ –∂–∏–∑–Ω—å —Å–ª–æ–º–∞–ª –¥–æ–ª–±–∞—ë–±.
219,2022-09-10 23:12:00+00:00,"–Ø –ø—Ä–∏–≤—ë–ª —Å—Ç–∞—Ç—å—é, —Ç–µ–±–µ –ª–µ–Ω—å —á–∏—Ç–∞—Ç—å. –¢–∞–º –ø—Ä–∏–≤–µ–¥–µ–Ω—ã —Å—Å—ã–ª–∫–∏. –¢–µ–±–µ –ª–µ–Ω—å —á–∏—Ç–∞—Ç—å, –∞ –º–Ω–µ –ª–µ–Ω—å –¥–ª—è —Ç–µ–±—è —Å—Ç–∞—Ä–∞—Ç—å—Å—è. –û—Å—Ç–∞–≤–∞–π—Å—è –Ω–µ–æ–±—Ä–∞–∑–æ–≤–∞–Ω–Ω—ã–º, –º–Ω–µ —Ç–æ —á—Ç–æ."
151,2023-04-11 15:01:44+00:00,"–Ω–µ, –Ω—É —ç—Ç–æ –ø–æ—Ç–µ—à–Ω–æ –≤–µ–¥—å, —Å—ã–Ω–æ–∫ —à–ª—é—Ö–∏ —Ç—É—Ç –ø–æ–∫–æ—Ä–Ω–æ —Ç–µ—Ä–ø–µ—Ç—å —Å–æ–±—Ä–∞–ª—Å—è, –±–æ–∏—Ç—Å—è –æ—Ç–ø–æ—Ä–∞ –¥–æ—Å—Ç–æ–π–Ω–æ–≥–æ –¥–∞—Ç—å, –∏ –ø—ã—Ç–∞–µ—Ç—Å—è –±–∞–π—Ç—ã –º–Ω–µ —è–∑—ã–∫–æ–º –≤ —Ö—É–π –∫–∏–¥–∞—Ç—å, –≤–æ—Ç –ø–æ—Ç–µ—Ö–∞"
251,2022-05-25 16:31:02+00:00,"–ö—Ç–æ —Ç–∞–∫–æ–π ""—Ç–µ—Ä—Ä–æ—Ä–∏—Å—Ç""? –≠—Ç–æ—Ç —è—Ä–ª—ã–∫ –Ω–µ –∏–º–µ–µ—Ç —Å–º—ã—Å–ª–∞, –≤—ã–¥—É–º–∞–Ω–Ω–æ–µ —Å–ª–æ–≤–æ."
35,2023-01-19 20:04:54+00:00,"—Ç—ã –¥–∞–ª–±–∞–µ–± –Ω–∞—Ö—É–π? —É —Ç–µ–±—è –±–ª—è—Ç—å –∑–Ω–∞–∫–∏ –ø—Ä–µ–ø–∏–Ω–∞–Ω–∏—è –æ—Ç–Ω–æ—Å—è—Ç—Å—è –∫ —ç–º–æ—Ü–∏—è–º? —Ç—ã —Ä–∏–ª –¥–∞—É–Ω? –æ–∫–µ–π –±–ª—è, –Ω–∞—Ö—É—è —Ç—ã –≤–æ–ø—Ä–æ—Å–∏—Ç–µ–ª—å–Ω—ã–µ –∑–Ω–∞–∫–∏ —Å—Ç–∞–≤–∏—à—å –≤ –∫–æ–Ω—Ü–µ? –¥–∞–ª–±–∞–µ–±? –∞? –∞? ??????????"
124,2023-04-10 11:51:28+00:00,–¢—ã —Ö—É–π–ª–æ —Ç—ã —ç—Ç–∏–º –Ω–µ—á–µ–≥–æ –Ω–µ –¥–∞–±—ë—à—Å—è —É –≤—Å–µ—Ö —É—Ä–æ–∫–∏ –¥–∞–≤–Ω–æ –∫–æ–Ω—á–∏–ª–∏—Å—å
198,2023-03-18 14:14:39+00:00,"hahaha classic, —Ç–∏–ø–∏—á–Ω—ã–π —Å—ã–Ω –∞–ª–ª–∞—Ö–∞ –ø–∏–¥–æ—Ä–∞—Å–∞ –∏ –º—É—Ö–∞–º–µ–¥–∞ –∂–∏—Ä–Ω–æ–π —Å–≤–∏–Ω—å–∏ üêñ üê∑ ü¶ç , —Ä–æ—Ñ–ª–æ–≤ –Ω–µ –ø–æ–Ω–∏–º–∞–µ—Ç –∏ —Ç–æ–ª—å–∫–æ –∑–∞—â–∏—â–∞–µ—Ç —Å–≤–æ—é –ø–∏–¥–æ—Ä—Å–∫—É—é —Ä–µ–ª–∏–≥–∏—é —á—Ç–æ–±—ã –Ω–µ –æ—Å–∫–æ—Ä–±–∏–ª–∏ –≤–µ–ª–∏–∫–æ–≥–æ –≥–æ–º–æ—Å–µ–∫–∞"
148,2023-04-11 13:29:52+00:00,–ê –∑–∞—á–µ–º –ø—Ä–∏—à—ë–ª —Å—é–¥–∞ —Ç–æ–≥–¥–∞ –µ—Å–ª–∏ —Ç—ã –ª–µ–≤–∞–∫. –ï—Å—Ç—å –≥—Ä—É–ø–ø—ã –¥–ª—è —Ç–∞–∫–∏—Ö –∫–∞–∫ —Ç—ã
78,2023-04-11 07:40:30+00:00,"–Ø –º–æ–≥—É —Å–ª–∏—Ç—å —Ç–µ–±–µ –µ–≥–æ –≤–∞–π–±–µ—Ä, –∞ –ø–æ—Ç–æ–º —ã—ã–¥—É–º–∞–≤–∞–π —Ö—É–π–Ω—é"
142,2023-04-04 10:23:14+00:00,"–ù—É –≤–æ—Ç, –≤–∏–¥–∏—à—å, —Ö–æ—Ç—å —á—Ç–æ-—Ç–æ –∂–∞–ª–∫–∏–º –≤–∞—Ä–≤–∞—Ä–∏—à–∫–∞–º –ø–æ —Ç—É —Å—Ç–æ—Ä–æ–Ω—É –∫–∞–≤–∫–∞–∑–∞ –¥–∞–ª–∏."
232,2022-02-06 06:55:34+00:00,"–õ—é–¥–∏, –ø—Ä–æ—Å—ã–ø–∞–π—Ç–µ—Å—å, –≤—ã –Ω–∞—Ö–æ–¥–∏—Ç–µ—Å—å –≤ —Å–µ–∫—Ç–µ! –û—Ç—Ä–µ–∫–∞—Ç—å—Å—è –æ—Ç –ª–∏—à—ë–Ω–Ω—ã—Ö –æ–±—â–µ–Ω–∏—è —Ä–æ–¥–Ω—ã—Ö, —É–±–∏–≤–∞—Ç—å –¥–µ—Ç–µ–π –∏–∑-–∑–∞ –∑–∞–ø—Ä–µ—Ç–∞ –Ω–∞ –ø–µ—Ä–µ–ª–∏–≤–∞–Ω–∏–µ –∫—Ä–æ–≤–∏ –∏ –æ—Ç–∫–∞–∑—ã–≤–∞—Ç—å—Å—è –æ—Ç –Ω–æ—Ä–º–∞–ª—å–Ω–æ–π –∂–∏–∑–Ω–∏ —Ä–∞–¥–∏ —Å–∫–∞–∑–æ—á–Ω—ã—Ö –æ–±–µ—â–∞–Ω–∏–π - —ç—Ç–æ –Ω–µ–≤–µ—Ä–æ—è—Ç–Ω–æ –≥–ª—É–ø–æ. –í–∞–º –¥–∞–∂–µ –∑–∞–ø—Ä–µ—â–µ–Ω–æ –∏—Å—Å–ª–µ–¥–æ–≤–∞—Ç—å —Å–≤–æ—é —Ä–µ–ª–∏–≥–∏—é, —á—Ç–æ–±—ã –Ω–µ–Ω–∞—Ä–æ–∫–æ–º –Ω–µ ""–ø—Ä–µ—Ç–∫–Ω—É—Ç—å—Å—è"", –ø–æ—Ç–æ–º—É —á—Ç–æ –æ–Ω–∞ –ø–æ–ª–Ω–∞ –Ω–µ—Å–æ—Å—Ç—ã–∫–æ–≤–æ–∫, –æ–±–º–∞–Ω–∞ –∏ –ø—Ä–æ—Ç–∏–≤–æ—Ä–µ—á–∏–π. –°—Ç–æ—Ä–æ–∂–µ–≤–∞—è –ë–∞—à–Ω—è –ø–æ—Å—Ç—Ä–æ–µ–Ω–∞ –Ω–∞ –ø–µ—Å–∫–µ –∏ —Ç—É—Ç –∂–µ –≤–∞–ª–∏—Ç—Å—è –∫–∞–∫ —Ç–æ–ª—å–∫–æ –æ –Ω–µ–π –Ω–∞—á–∏–Ω–∞–µ—à—å —á–∏—Ç–∞—Ç—å –≤ –Ω–µ–∑–∞–≤–∏—Å–∏–º—ã—Ö –∏—Å—Ç–æ—á–Ω–∏–∫–∞—Ö."
178,2023-02-09 13:16:02+00:00,–õ–∏—á–Ω–æ —è –Ω–∞–ø–∞–ª? –ü–æ—á–µ–º—É –º–µ–Ω—è –Ω–∞–∑—ã–≤–∞—é—Ç –º–æ—Å–∫–∞–ª—ë–º –∏ —Ä–∞—à–∏—Å—Ç–æ–º?
187,2023-03-26 17:21:35+00:00,–ü–æ–ª—É—á–∞–µ—Ç—Å—è —á—Ç–æ –º–∏—à–∫–∞ –∏–∑ –º–∞—à–∏ –∏ –º–µ–¥–≤–µ–¥—å –ø–µ–¥–æ—Ñ–∏–ª –µ–±–∞–Ω—ã–π
165,2023-04-05 07:48:04+00:00,"–í–∞—É –≤–º–µ—Å—Ç–æ —Ç–æ–≥–æ —á—Ç–æ–± —Ç–æ–ª–∫–æ–≤–æ–≥–æ —Å–∫–∞–∑–∞—Ç—å –ø–æ—à–ª–∏ —Ç–∏–ø–∏—á–Ω—ã–µ –æ—Å–∫–æ—Ä–±–ª–µ–Ω–∏—è,–Ω–∏–∫–æ–≥–æ —è –Ω–µ –Ω–∞–µ–±—ã–≤–∞—é,–≥–¥–µ —è —Ü–µ–Ω–∏—Ç–µ–ª—å —Ä–æ–±–ª–æ–∫—Å–∞ –∏ —Ç–≤–∏—á–∞,—è –≤ —Ä–æ–±–ª–æ–∫—Å–∞ –æ–¥–∏–Ω —Ä–∞–∑ –≤ –∂–∏–∑–Ω–∏ –∏–≥—Ä–∞–ª"
40,2023-04-11 09:36:55+00:00,—à–∫–æ–ª–æ—Ç–∞ –¥–∞–≤–∞–π —É–∂–µ —Å–æ–æ–±—â–µ–Ω–∏–µ —Ä–∞—Å—Å—ã–ª–∞–π —è —Ö–æ—á—É –≤—ã—Ö–æ–¥–Ω–æ–π(
147,2023-04-11 11:49:40+00:00,—Ç–æ–ª—å–∫–æ –ø–æ–ø—Ä–æ–±—É–π —Ç—É—Ç —Å–≤–æ–∏ –∫–æ–Ω–∏ –Ω–∞ –º–µ–Ω—è —Ä–∞—Å–∫–∏–Ω—É—Ç—å –∑–∞–±–ª–µ–≤–∞–Ω—ã–π —Å—ã–Ω —à–ª—é—Ö–∏
209,2023-03-15 18:11:02+00:00,–≠—Ç–æ –¥–æ–∫–∞–∑—ã–≤–∞–µ—Ç —á—Ç–æ –æ–Ω –º–æ–∂–µ—Ç —Ç–æ–ª—å–∫–æ —É–Ω–∏–∂–∞—Ç—å –ª–æ—Ö–æ–≤. –ò –Ω–µ—á–µ–≥–æ –±–æ–ª—å—à–µ
104,2023-04-10 17:26:33+00:00,"–ï–º—É —Å–µ—Ä—å—ë–∑–Ω–æ –Ω–∞—Å—Ç–æ–ª—å–∫–æ –Ω–µ—á–µ–≥–æ –¥–µ–ª–∞—Ç—å, —á—Ç–æ –æ–Ω —Ä–µ—à–∏–ª —Ç—É—Ä –ø–æ –≥–æ—Ä–æ–¥–∞–º —É—Å—Ç—Ä–æ–∏—Ç—å, –µ–±–ª–∞–Ω —Ç—É–ø–æ–≥–æ–ª–æ–≤—ã–π"
101,2023-04-10 18:25:53+00:00,"–î–∞ —Ñ–∏–≥ –∑–Ω–∞–µ—Ç. –û–Ω –ø–∏—Å–∞–ª, —á—Ç–æ –Ω–µ —Ä—É—Å—Å–∫–∏–π. –ú–æ–∂–µ—Ç –æ–±–∏–¥–µ–ª—Å—è –Ω–∞ —á—Ç–æ –∏ —Ç–µ–ø–µ—Ä—å ""–ø—É–≥–∞–µ—Ç"" –ª—é–¥–µ–π"
194,2023-03-16 11:02:09+00:00,"–î–≤–∞ —Ä–∞–∑–∞ —É–∂–µ –æ–±—ä—è—Å–Ω–∏–ª,—Ç—Ä–µ—Ç–∏–π –Ω–µ —Ö–æ—á—É
–ì–ª—É–ø—ã–π –ø—Å–µ–≤–¥–æ-–ø—Ä–∞–≤—ã–π –¥–æ–ª–±–∞–µ–±
–¢–∞–∫ –∂–æ–ø—É –≤ –≥–æ–ª–æ—Å–æ–≤—ã—Ö —Ä–≤–∞–ª,—á—Ç–æ –≥–æ–ª–æ—Å —Å–æ—Ä–≤–∞–ª
–Ø –Ω–µ —á—É—Ä–∫–∞"
64,2023-04-11 10:41:38+00:00,—Å–∏–¥–∏—Ç –Ω–∞–≤–µ—Ä–Ω–æ 5 –∫–ª–∞—Å—Å–Ω–∏–∫ –ø–æ–∑–≤–æ–Ω–∏–ª –≤–æ –≤—Å–µ —à–∫–æ–ª—ã –ø–æ–ø—É–≥–∞—Ç—å
85,2023-04-11 08:36:20+00:00,"–ñ–¥—ë–º –Ω–µ –¥–æ–∂–¥—ë–º—Å—è, —ç—Ç–æ –Ω–∞–µ–±–∞–ª–æ–≤–∫–∞ –ª–æ–ª, –ø–æ –Ω–æ–≤–æ—Å—Ç—è–º —Ç–∞–∫–æ–≥–æ –Ω–µ –≥–æ–≤–∞—Ä–∏–ª–∏"
65,2023-04-11 10:44:29+00:00,—Ç–∞–∫ –æ–Ω –≤—ã–∫–ª–∞–¥—ã–≤–∞–µ—Ç –≤ –¥–æ–∫–∞–∑–∞—Ç–µ–ª—å—Å—Ç–≤–∞ —Ç–æ–≥–æ —á—Ç–æ —ç–≤–∞–∫—É–∏—Ä–æ–≤–∞–ª–∏
108,2023-04-10 18:49:17+00:00,"–¢–∏–ø–æ —Å—ã–Ω –±–µ–ª–∫–∏, —Å —Å–µ–≤–µ—Ä–∞, –Ω–µ–¥–æ–±–∏—Ç–æ–≥–æ –±–ª—è—Ç—å –æ—Ç—Ä–æ—Å–ª–∏–∫–∞ –∏–∑ 0.0008 –≥ –∫–æ—Ç–æ—Ä—ã–π –ø–æ–ª—É—á–∏–ª 2 –ø–æ –±–∏–æ–ª–æ–≥–∏–∏. –û–π –∞ –∑–∞—á–µ–º —è —Ç–∏–ø–æ –ø–æ—Å—Ç–∞–≤–∏–ª?"
62,2023-04-11 10:48:07+00:00,"—É –º—è —Ä–∞–Ω—å—à–µ –±—ã–ª–∞ —Ç–∞–∫–∞—è –≤ –¥—Ä—É–∑—å—è—Ö –¥–µ–≤–∫–∞, —Å –Ω–∏–∫–æ–º —É—Ç–æ–∫ –º–∞—Ç—å"
136,2023-04-05 04:26:28+00:00,"–Ø —Ç–µ–±–µ –≤–æ–æ–±—â–µ –ø—Ä–µ–¥–ª–∞–≥–∞—é –∑–∞–∫–æ–Ω—á–∏—Ç—å—Å—è —ç—Ç—É –±–µ—Å—Å–º—ã—Å–ª–µ–Ω–Ω—ã–π –¥–∏–∞–ª–æ–≥,–∫–∞–∫ –Ω–∞ —ç—Ç–æ —Å–º–æ—Ç—Ä–∏—à—å?"
191,2023-03-27 12:19:24+00:00,"—É ""–≤–∑—Ä–æ—Å–ª–æ–π"" –¥–µ–≤—É—à–∫–∏ —É–º–∞ –Ω–µ –±–æ–ª—å—à–µ —á–µ–º —É 15 –ª–µ—Ç–Ω–µ–π, –µ—Å–ª–∏ –¥–µ–≤—É—à–∫–∞ –≤ 15 –¥—É—Ä–∞, –æ–Ω–∞ –∏ –≤ 50 –¥—É—Ä–∞"
105,2023-04-10 17:20:50+00:00,–ú–∞–ª–µ–Ω—å–∫–æ —Ö–æ—Ç—å —Å–æ–≤—Å–µ–º –∫–∞–ø–µ–ª—å–∫—É –Ω—É–∂–Ω–æ –¥—É–º–∞—Ç—å –æ –±—É–¥—É—é—â–µ–º‚Ä¶ –∑–∞–Ω–∏–º–∞—Ç—å—Å—è –∫–∞–∫–∏–º–∏-—Ç–æ –¥–µ–ª–æ–º
153,2023-04-11 15:02:54+00:00,–¢—ã –≤ —Ä–µ–∞–ª—å–Ω–æ—Å—Ç–∏ —Ö—É–π–ª–∞ —Å–æ—Å–Ω–µ—à—å –∏ —Ç–µ–±—è –∏ —Ç–≤–æ—é –º–∞—Ç—å –±—É–¥—É—Ç —Ç—Ä–∞—Ö–∞—Ç—å –¥–æ –ø–æ—Å–∏–Ω–µ–Ω–∏—è
17,2022-07-30 14:07:59+00:00,"—è –Ω–µ –±—É–¥—É –Ω–µ—á–µ–≥–æ –ø–∏—Å–∞—Ç—å –ø—Ä–æ —Ç–≤–æ—é —Å–µ–º—å—é,–ø—Ä–æ—Å—Ç–æ –ø–æ–Ω–∏–º–∞—é —á—Ç–æ —Å–∫–æ—Ä–µ–µ –≤—Å–µ–≥–æ –¥–ª—è —Ç–µ–±—è —ç—Ç–æ –±–æ–ª—å–Ω–∞—è —Ç–µ–º–∞,(–ø—Ä–æ—Å—Ç–æ –æ—Å–∫–≤–µ—Ä–Ω–µ–Ω–∏–µ –º–æ–≥–∏–ª –º–∞—Ç–µ—Ä–µ–π —Ç—ã —Å—á–∏—Ç–∞–µ—à—å –∑–∞–±–æ—Ç–æ–π) –ø–µ—Ä–µ–π–¥—É —Å—Ä–∞–∑—É –∫  –¥–µ–ª—É.  —Ç—ã- —Ç—É–ø–æ–µ,–±–µ–∑–º–æ–∑–≥–ª–æ–µ,—Ä–∞–∫–æ–æ–±—Ä–∞–∑–Ω–æ–µ, —Å—É—â–µ—Å—Ç–≤–æ –æ—Ç—Ä–∏—Ü–∞–µ—à—å –Ω–∞–ª–∏—á–∏–µ –º–µ–Ω—Ç–∞–ª–∏—Ç–µ—Ç–∞? –ü–æ—Å–º–æ—Ç—Ä–∏–º –∫–∞–∫ —Ç—ã –∑–∞–ø–æ–µ—à—å –∫–æ–≥–¥–∞ –æ—Ä–¥–∞ ""—Ç–∞–∫–∏—Ö –∂–µ –∫–∞–∫ —è"" –º–∞—Å—Ç—É—Ä–±–µ–∫–æ–≤ –Ω–∞—á–Ω–µ—Ç –Ω–∞—Å–∏–ª–æ–≤–∞—Ç—å —Ç–≤–æ—é –¥–µ–≤—É—à–∫—É. –õ–∏–±–æ —Ç—ã —Å–∞–º —É–∑–∫–æ–≥–ª–∞–∑–∞—è —á—É—Ä–∫–∞ –∫–æ—Ç–æ—Ä–∞—è –ø—ã—Ç–∞–µ—Ç—Å—è –æ–ø—Ä–∞–≤–¥–∞—Ç—å —Å–≤–æ–∏—Ö –Ω–µ–º–æ—â–Ω—ã—Ö —Å–æ–±—Ä–∞—Ç—å–µ–≤."
211,2023-03-15 18:52:20+00:00,"—Å–º—ã—Å–ª –∏–º –æ—Ç–±–∏–≤–∞—Ç—å—Å—è, –µ—Å–ª–∏ –æ–Ω–∏ –∏—Ç–∞–∫ —É–∂–µ –æ–ø—É—Å—Ç–∏–ª–∏—Å—å –¥–æ —Ç–∞–∫–æ–≥–æ —É—Ä–æ–≤–Ω—è, —á—Ç–æ –∏—Ö –∫–∞–∂–¥—ã–π –≤—Å—Ç—Ä–µ—á–Ω—ã–π –±—É–¥–µ—Ç –ø–µ–¥–∏–∫–æ–º –∫–ª–µ–π–º–∏—Ç—å?"
202,2023-03-17 22:14:24+00:00,"–ß–µ –±–ª—è—Ç—å? –ú—É–∂–∏–∫ —Ç—ã –æ–ø—Ä–µ–¥–µ–ª–∏—Å—å, —É —Ç–µ–±—è —Ç–µ—Å–∞–∫ –Ω–∞ –∞–≤–µ –Ω–æ —Ç—ã –≤—ã—Å—Ç—É–ø–∞–µ—à—å –∑–∞ —á–µ–ª–∞ –∫–æ—Ç–æ—Ä—ã–π –∑–∞—â–∏—â–∞–ª —Ö–∞—á–µ–π –∏ –º–µ—á–µ—Ç–∏."
23,2023-03-27 19:51:10+00:00,"–ù–æ –Ω–µ —Ç–µ–±–µ, —Ä–∞–∑ —Ç—ã —Ç–∞–∫ –Ω–∞–ø—Ä—è–≥–∞–µ—Ç —Å–≤–æ–∏ –∏–∑–≤–∏–ª–∏–Ω—ã —á—Ç–æ–±—ã —Ö–æ—Ç—å –∫–∞–∫-—Ç–æ –∑–∞–¥–µ—Ç—å"
215,2023-03-31 14:57:39+00:00,"–û–±–∏–∂–µ–Ω–∫–∏ –µ–±–∞–Ω—ã–µ,–ª—É—á—à–µ –±—ã –ø–æ–≤—Ç–æ—Ä–∏–ª–∏ —É—á–µ—Å—Ç—å —Ç–µ—Ö –ê–∑–µ—Ä–æ–≤"
141,2023-04-04 10:22:06+00:00,–ú–æ–∂–µ—à—å –ø–æ–ø–ª–∞–∫–∞—Ç—å –º–Ω–µ –≤ —è–π—Ü–∞ –æ —Ç–æ–º –∫–∞–∫–∏–µ –º—ã –≤—Å–µ –ø–ª–æ—Ö–∏–µ(
90,2023-04-10 18:03:56+00:00,"—Ñ—É—É—É, 6–≤ —Å–∞–º—ã–π —É–∂–∞—Å–Ω—ã–π –∫–ª–∞—Å—Å –≤–æ –≤—Å–µ–ª–µ–Ω–Ω–æ–π, —Ç–∞–º —Å–µ—á–∏–Ω–æ–≤"
243,2022-05-25 08:26:58+00:00,"–ù—É —Ç—ã –º–æ–∂–µ—à—å –≥–¥–µ —É–≥–æ–¥–Ω–æ –≥–∞—Å–∏—Ç—å—Å—è –¥–∞, –Ω–æ –ø–æ –ø—Ä–æ–ø–∏—Å–∫–µ –∫—Ç–æ –∂–∏–≤—ë—Ç –∑–Ω–∞–µ—Ç –≥–¥–µ —Ç—ã"
59,2023-04-11 08:20:04+00:00,"–ù—É –ø–æ-—Å—É—Ç–∏ –æ—Å—Ç–∞–ª–æ—Å—å 10 –º–∏–Ω—É—Ç –¥–æ –µ–≥–æ –ø—Ä–∏—Ö–æ–¥–∞, –Ω–æ —ç—Ç–æ –æ–±—ã—á–Ω—ã–π –ø–∏–∑–¥—ë—à—å)"
127,2023-04-11 06:46:48+00:00,"50/50, —ç—Ç–æ —Å–∫–∞–º, —Ç–∞–∫–∏—Ö —á–µ–ª–∏–∫–æ–≤ –±—ã—Å—Ç—Ä–æ –Ω–∞–π–¥—É–¥ –∏ –≤–æ–∑—å–º—É—Ç"
248,2022-05-01 20:41:19+00:00,"–ù—É –º—ã –≤ –æ—Ç–ª–∏—á–∏–µ –æ—Ç –≤–∞—Å, –Ω–µ —Ö–æ–¥–∏–º –∏ –Ω–µ –ø–∏—Ö–∞–µ–º –ª—é–¥—è–º –∫–Ω–∏–≥–∏ –Ω–∞ —É–ª–∏—Ü—ã, –∏–ª–∏ –∂—É—Ä–Ω–∞–ª—ã, —Å—Ç–æ—Ä–æ–∂–µ–≤–∞—è –±–∞—à–Ω—è"
52,2023-04-11 09:43:58+00:00,"–ë–ª —è –∏—Å–∫—Ä–µ–Ω–Ω–µ –Ω–µ –ø–æ–Ω–∏–º–∞—é, –Ω–∞—Ö—É–π –≤—ã –Ω–∞–ø—Ä–∞–≤–ª—è–µ—Ç–µ –∫–∞–∫–∏—Ö —Ç–æ –¥–æ–ª–±–∞—ë–±–æ–≤ –Ω–∞ —Å–≤–æ–∏ —à–∫–æ–ª—ã. –ë—É–¥—å—Ç–µ –ª—é–¥—å–º–∏ –±–ª –≤ –ø–µ—Ä–≤—É—é –æ—á–µ—Ä–µ–¥—å, —Ç–∞–º –≤–∞—à–∏ –∑–Ω–∞–∫–æ–º—ã–µ –∏ –¥—Ä—É–∑—å—è. –ë–ª—è —ç—Ç–æ —Ç—É–ø–æ."
218,2022-09-10 23:17:19+00:00,"–ß–µ–ª, —è —Ç–µ–±—è –ø—Ä–µ–∫—Ä–∞—Å–Ω–æ –ø–æ–Ω–∏–º–∞—é, –º–µ–Ω—è —Ç–æ–∂–µ —Ç–∏–ø–∞–ª–æ –ø–æ—Å–ª–µ –æ—Å–æ–∑–Ω–∞–Ω–∏—è —Ç–æ–≥–æ, —á—Ç–æ –≤—Å—ë, –≤–æ —á—Ç–æ —è –≤–µ—Ä–∏–ª - —ç—Ç–æ –ª–æ–∂—å. –ü—Ä–æ—Å—Ç–æ —Å–∫–∞–∑–∫–∏. –ö–∞–∫ –í–ª–∞—Å—Ç–µ–ª–∏–Ω –∫–æ–ª–µ—Ü. –¢–æ–ª—å–∫–æ —Å –µ—â—ë –±–æ–ª–µ–µ –∑–∞–ø—É—Ç–∞–Ω–Ω—ã–º –ª–æ—Ä–æ–º. –î–∞–≤–Ω–æ —É–∂–µ —É—Å—Ç–∞—Ä–µ–≤—à–∞—è –∏ –≥–ª—É–ø–∞—è —Å–∫–∞–∑–∫–∞ –¥–ª—è –≤–∑—Ä–æ—Å–ª—ã—Ö."
249,2022-05-01 20:28:38+00:00,"–ü–æ—Å–ª—É—à–∞–π, —É –∫–∞–∂–¥–æ–≥–æ —Å–≤–æ–∏ –≤–æ–æ–±—Ä–∞–∂–∞–µ–º—ã–µ –¥—Ä—É–∑—å—è. –£ –∫–æ–≥–æ-—Ç–æ –æ–¥–∏–Ω, —É –∫–æ–≥–æ-—Ç–æ –Ω–µ—Å–∫–æ–ª—å–∫–æ.
–†–µ–ª–∏–≥–∏–æ–∑–Ω—ã–µ —É–±–µ–∂–¥–µ–Ω–∏—è, –æ–Ω–∏ –∫–∞–∫ –≥–µ–Ω–∏—Ç–∞–ª–∏–∏, —Ö–æ—Ä–æ—à–æ —á—Ç–æ –æ–Ω–∏ —É —Ç–µ–±—è –µ—Å—Ç—å. –ù–æ –ø–æ–∫–∞–∑—ã–≤–∞—Ç—å –≤—Å–µ–º –Ω–µ —Å—Ç–æ–∏—Ç."
110,2023-04-10 18:10:35+00:00,–ó–∞—á —ç—Ç—É –∏–Ω—Ñ—É —Å–ª–∏–≤–∞—Ç—å –µ—Å–ª–∏ –æ–Ω —Ö–æ—á–µ—Ç —Å–¥–µ–ª–∞—Ç—å –ø—Ä–∏—Å—Ç—É–ø–ª–µ–Ω–∏–µ
82,2023-04-11 09:16:52+00:00,"–î–∞ –±–ª, –ø–æ—á–µ–º—É —Ç–∞–∫ –ø–æ–∑–¥–Ω–æ, –º–Ω–µ –ø—Ä–∏—à–ª–æ—Å—å –ø–∏—Å–∞—Ç—å –¥–∏–∫—Ç–∞–Ω—Ç –ø–æ –±–∏–æ–ª–æ–≥–∏–∏..."
102,2023-04-10 17:49:38+00:00,"—è –±–æ–ª—å—à–µ —Ö—É–µ—é –Ω–µ —Å –∞–≤—Ç–æ—Ä–∞ –¥–æ–ª–±–æ–µ–±–∞ —ç—Ç–æ–π –≥—Ä—É–ø–ø—ã, –∞ –º–µ–ª–∫–∏—Ö –ø–∏–¥–æ—Ä–∞—Å–æ–≤, —É –∫–æ—Ç–æ—Ä—ã—Ö –Ω–µ—Ç –¥–∞–∂–µ –æ–±—Ä–∞–∑–æ–≤–∞–Ω–∏—è 5 –∫–ª–∞—Å—Å–∞, –Ω–∞–¥–µ—é—â–∏—Ö—Å—è –Ω–∞ —Ä–∞—Å—Å—Ç—Ä–µ–ª —Å–≤–æ–µ–π —à–∫–æ–ª—ã"
197,2023-03-18 14:16:29+00:00,"–¢—ã –µ–±–ª–∞–Ω? –Ø –•—Ä–∏—Å—Ç–∏–∞–Ω–∏–Ω –Ø –ø—Ä–æ—Å—Ç–æ –∏–Ω—Ç–∏—Ä–∏—Å–æ–≤–∞–ª—Å—è –ø–æ—á–µ–º—É —Ä–µ–ª–∏–≥–∏—é –æ–±—Å–∏—Ä–∞–µ—Ç–µ –æ–±–µ–∑—å—è–Ω–∞ —Ç—ã, –ø–∏–∑–¥–∏—Ç –∏ –ø–æ—Ç–æ–º —Ç–∏–ø–æ —Ä–æ—Ñ–ª –±–ª—è—Ç—å"
216,2023-04-02 09:57:03+00:00,—è –Ω–µ –ø–æ–Ω–∏–º–∞—é —Ç–µ—Ö –ª—é–¥–µ–π –∫–æ—Ç–æ—Ä—ã–µ –Ω–∞ –¥–µ—Ç—Å–∫–æ–µ –ø–æ—Ä–Ω–æ –¥—Ä–æ—á–∞—Ç –±–ª—è–¥—å
204,2023-03-17 20:18:44+00:00,–ê —Å —Ö—É—è –≤–æ–æ–±—â–µ –Ω—É–∂–Ω–æ —É–≤–∞–∂–∞—Ç—å –º–µ—Ö–∞–Ω–∏–∑–º —É–ø—Ä–∞–≤–ª–µ–Ω–∏—è —Å—Ç–∞–¥–æ–º?
162,2023-04-10 21:02:02+00:00,"–¢—ã –≤ —Å–≤–æ—é –æ—á–µ—Ä–µ–¥—å –æ–±–æ–±—â–∏–ª. –ò —Å–∫–∞–∑–∞–ª: ""—á—É—Ä–∫–∏ –∏ –Ω–µ–≥—Ä—ã –∫–æ—Ç–æ—Ä—ã–µ –µ–±—É—Ç –≤–∞—à–∏—Ö –∂–µ–Ω—â–∏–Ω"""
14,2022-07-17 23:21:11+00:00,–ï–¥–∏–Ω—Å—Ç–≤–µ–Ω–Ω–∞—è —à–º–∞—Ä–∞ —ç—Ç–æ —Ç–≤–æ—è –≥–Ω–∏–ª–æ–∑—É–±–∞—è –∫–∞—Ü–∞–ø—Å–∫–∞—è –º–∞—Ç—å –∫–æ—Ç–æ—Ä–æ–π —è –≥–æ–ª–æ–≤—É –ø—Ä–æ–±–∏–ª
7,2022-01-10 19:56:36+00:00,"–¥–∞ —Å–º—ã—Å–ª –º–∞–ª–æ–ª–µ—Ç–æ–∫ –∑–∞–¥—Ä–∞—á–∏–≤–∞—Ç—å,—ç—Ç–æ –∂–µ –µ–≥–æ –º–∞—Ç—å —Å —É–∑–±–µ–∫–æ–º –ø–µ—Ä–µ—Å–ø–∞–ª–∞,–æ–Ω –∫–ª–∞—Å—Å–µ –≤ 8"
126,2023-04-11 06:57:42+00:00,–≤—ã –¥—É–º–∞–µ—Ç–µ –æ–Ω —Ä–µ–∞–ª—å–Ω–æ —á—Ç–æ —Ç–æ –≤–∞–º —Å–∫–∞–∂–µ—Ç –∏ –ø—Ä—è–º —Å–µ–π—á–∞—Å –ø—Ä–∏–¥—ë—Ç???
175,2023-02-01 06:14:40+00:00,"–Ø –≥—Ä—É–ø–ø—É —Å–æ–∑–¥–∞–º, —Ç–∞–º —Å –ø–∞—Ä–Ω—è–º–∏ –±—É–¥–µ–º –≤—ã–∫–ª–∞–¥—ã–≤–∞—Ç—å –≤—Å–µ—Ö —ç—Ç–∏—Ö —Ç–≤–∞—Ä–µ–π"
183,2023-03-27 08:46:44+00:00,"–ß–µ–ª, –ø–æ—Å–º–æ—Ç—Ä–∏ –Ω–∞ –∫–∞–∫–æ–π —è –∫–æ–º–º–µ–Ω—Ç–∞—Ä–∏–π –æ—Ç–≤–µ—Ç–∏–ª, –∏ –ø—Ä–∏ —á–µ–º —Ç—É—Ç —Ç–µ—Å–∞–∫"
68,2023-04-11 07:55:30+00:00,"–ö–¢–û –ü–û–°–¢–ê–í–ò–¢ –ù–ê –ú–û–ï –°–û–û–ë–©–ï–ù–ò–ï –†–ï–ö–¶–ò–Æ –ö–õ–û–£–ù, –Ø –¢–û–ì–û –ú–ê–¢–¨ –ï–ë–ù–£"
115,2023-04-10 21:15:17+00:00,–ö–æ—Ä–æ—á–µ –ø—É—Å—Ç—å —ç—Ç–æ—Ç –î–∞—É–Ω —Å–µ–≥–æ–¥–Ω—è –±—ã –ø—Ä–∏—à–µ–ª —É –º–µ–Ω—è —É–∂–µ –≥–ª–∞–∑ –¥–µ—Ä–≥–∞–µ—Ç—Å—è –∫–∞–∂–¥—ã–π –ø–æ–Ω–µ–¥–µ–ª—å–Ω–∏–∫ —Å–ª—É—à–∞—Ç—å –≥–∏–º–Ω –†–æ—Å—Å–∏–∏
76,2023-04-11 07:30:37+00:00,"–°–ª–µ–¥–∏ –∑–∞ —è–∑—ã–∫–æ–º –∏ —Å–≤–æ–∏–º–∏ —Å–ª–æ–≤–∞–º–∏, —Ç–æ —á—Ç–æ –¥–µ–ª–∞—é—Ç –¥–µ—Ç–∏ –Ω–∏–∫–∞–∫–æ–µ —Å–≤—è–∑–∞–Ω–æ —Å —Ä–æ–¥–∏—Ç–µ–ª—è–º–∏,–ø–µ—Ä–µ—Å—Ç–∞–Ω—å —É–∂–µ –≤—Å–µ—Ö –≥–Ω–æ–±–∏—Ç—å"
4,2021-11-18 16:48:24+00:00,"–ü—Ä–∏–º–µ—Ä–Ω–æ –ø–µ—Ä–µ–¥ —Ç–µ–º, –∫–∞–∫ –µ–≥–æ –∑–∞–∫—Ä—ã–ª–∏. –≠—Ç–æ –≤–∏–¥–µ–æ –¥–∞–∂–µ –≤ –î–µ—Å—Ç—Ä—É–∫—Ç–µ —É–ø–æ–º–∏–Ω–∞–ª–æ—Å—å. –¢–∞–∫ —á—Ç–æ 2007"
37,2023-02-13 12:57:03+00:00,"–ö–∞–∫–∞—è –º–∞–º–∫–∞, —Ç—ã —Å–∫–æ—Ä–µ–π –ø—É—Ç–∞–µ—à—å –µ–≥–æ –º–∞–º–∞ –¥–æ–º–∞ –æ—Ç–¥—ã—Ö–∞–µ—Ç, –∞ –≥–¥–µ —Ç–≤–æ—è? –í–æ—Ç –≤ —á—ë–º –≤–æ–ø—Ä–æ—Å, —Å–∫–æ—Ä–µ–π —Ç—ã —Å–≤–æ—é –º–∞—Ç—å —Ç—Ä–∞—Ö–∞–µ—à—å –æ—Ç—Ä–µ–∑–∞–Ω—ã–º —Ö—É—ë–º —Å–≤–æ–µ–≥–æ –æ—Ç—Ü–∞"
117,2023-04-10 19:22:04+00:00,"–æ–Ω–∞ —Å–∏–¥–∏—Ç –µ–π –∑–≤–æ–Ω—è—Ç –ø–æ—Å—Ç–æ—è–Ω–Ω–æ, –∞ –ø–æ—Ç–æ–º ¬´—Ç–∏—Ö–æ!! –≤—ã —á–µ –Ω–µ–≤–æ—Å–ø–∏—Ç–∞–Ω–Ω—ã–µ??!¬ª"
201,2023-03-18 00:44:41+00:00,"–ó–∞—â–∏—â–∞–ª? –ï–±–∞—Ç—å —Ç—É–ø–æ–π —è –≤–æ–æ–±—â–µ –æ—Ç–Ω–æ—à–µ–Ω–∏—è –∫ –ò—Å–ª–∞–º—É –Ω–µ –∏–º–µ—é, —è –≥–æ–≤–æ—Ä–∏–ª –æ —Ç–æ–º —á—Ç–æ –µ—Å–ª–∏ —Ç–µ–±–µ –Ω–∞—Ö—É–π –Ω–µ –Ω—É–∂–Ω–∞ —Ä–µ–ª–∏–≥–∏—è —Ç–∞–∫ —Ç—ã –Ω–µ –ª–µ–∑—å –∏ –Ω–µ –æ—Å–∫–æ—Ä–±–ª—è–π"
109,2023-04-10 18:16:09+00:00,–º–∞–ª—å—á–∏–∫—É –ø–æ –æ–∫—Ä—É–∂–∞–µ–º—É—é –º–∏—Ä—É –≥—Ä—É—Å—Ç–Ω—É—é –Ω–∞–∫–ª–µ–π–∫—É –ø–æ—Å—Ç–∞–≤–∏–ª–∏
244,2022-05-25 08:26:37+00:00,"–î–∞ –æ–Ω –º–æ—é —Å–µ–º—å—é –æ—Å–∫–æ—Ä–±–∏–ª, —è –µ—Å–ª–∏ –≤—Å—Ç—Ä–µ—á—É –µ–≥–æ —Ç–∞–±–ª–æ —Ä–∞—Å–∫–æ–ª–æ—á—É"
13,2022-07-20 14:27:48+00:00,–ß—Ç–æ –Ω–∞ –æ—Å–∫–æ—Ä–±–ª–µ–Ω–∏–µ –ø–µ—Ä–µ—Ö–æ–¥–∏—à—å? –ú–∞—Ç—å —Ä–∞–∑–≥–æ–≤–∞—Ä–∏–≤–∞—Ç—å –Ω–µ –Ω–∞—É—á–∏–ª–∞?
72,2023-04-11 07:31:32+00:00,"—É–µ–±–∞–Ω,—É —Ç–µ–±—è —Å–ª–æ–≤–∞—Ä–Ω—ã–π –∑–∞–ø–∞—Å —Å–æ—Å—Ç–æ–∏—Ç —Ç–æ–ª—å–∫–æ –∏–∑ –ø–æ–¥–æ–±–Ω—ã—Ö —Å–ª–æ–≤?"
75,2023-04-11 07:30:58+00:00,–ù–µ —Å–≤—è–∑–∞–Ω–æ? –¢—ã —Ç—É–ø–∞—è –∫–æ—à–µ–ª–∫–∞ –∫–∞–∫–∏–µ —Ä–æ–¥–∏—Ç–µ–ª–∏ —Ç–∞–∫–∏–µ –¥–µ—Ç–∏
145,2023-04-11 11:11:44+00:00,–¢–∞ –±–ª—è—Ç—å –∏–¥–∏ –Ω–∞—Ö—É–π —è —Ç–≤–æ–µ–π –º–∞—Ç–µ—Ä–∏ –µ–±–ª–æ –ª–æ–ø–∞—Ç–æ–π —Å–ª–æ–º–∞—é –ø–∏–¥–∞—Ä—à–∞
70,–î–∞–∂–µ –º–æ–∏ —Å–æ–æ–±—â–µ–Ω–∏—è —Å –º–∞—Ç–æ–º –∏–º–µ—é—Ç —Å–º—ã—Å–ª –∫–æ—Ç–æ—Ä—ã–π —Ç–≤–æ—è –º–∞–ª–µ–Ω—å–∫–∞—è —Ç—É–ø–µ–Ω—å–∫–∞—è –≥–æ–ª–æ–≤–∞ –Ω–µ –≤–æ—Å–ø—Ä–∏–Ω–∏–º–∞–µ—Ç,
179,2023-02-04 22:25:17+00:00,"–≥–∏–Ω–Ω–∏—É—Å —á–∏—Å—Ç–æ —Å–∏–¥–∏—Ç
—Å –Ω–µ–≥—Ä–æ–º –Ω–∞ –∞–≤–∞—Ç–∞—Ä–∫–µ –≤ –≥—Ä—É–ø–ø–µ –Ω–∞—Ü–∏—Å—Ç–æ–≤"
30,2023-02-12 10:49:32+00:00,"–•–∞—Ö–∞—Ö–∞—Ö–∞—Ö–∞—Ö, –≤–∏–∂—É —Ç–≤–æ—ë –µ–±–∞–ª–æ –∏ —Ç–≤–æ–∏ —Å–ª–æ–≤–∞ –ø—Ä–æ —Ç–æ —á—Ç–æ –∫–æ–º—É-—Ç–æ —á—Ç–æ-—Ç–æ –±—É–¥–µ—à—å –∑–∞—Ç–∞–ª–∫–∏–≤–∞—Ç—å"
24,2023-03-27 19:18:19+00:00,—Ç–µ–ø–µ—Ä—å –∏–¥–∏ –¥–∞–ª—å—à–µ –ø–æ –∫–ª–∞–≤–∏–∞—Ç—É—Ä–µ —Ç—ã–∫–∞–π –≤ —Å–ª–µ–∑–∞—Ö –∞–ª–∫–∞—à –Ω–∏—â–µ—ë–±–Ω—ã–π
180,2023-02-05 22:47:34+00:00,–¢—ã —Ö–æ—Ö–æ–ª –∫–∞–∫–æ–π —Ç–µ–±–µ –∑–∞–ø–∞—Å —É—Ä–æ–¥–µ—Ü —Ç—ã –µ–±–∞–Ω–Ω—ã–π –∑–∞–ø–æ–º–Ω–∏ —Ç—ã –µ–±–∞–Ω–Ω—ã–π –ø–æ–º–æ–π–Ω—ã–π —Å—ã–Ω–æ–∫ —à–ª—é—Ö–∏ –∫–æ—Ç–æ—Ä—ã–π —Å–æ —Å–≤–æ–∏–º–∏ —Å–æ—Å–µ–¥—è–º–∏ –∑–∞ —Å–≤–µ—Ç —Ö—É—è—Ä–∏—Ç—Å—è –∏ –º–∞–º—É —Å–≤–æ—é –∑–∞ –∫—É—Å–æ—á–µ–∫ —Å–∞–ª–æ –µ–±–µ—Ç.
138,2023-03-31 15:43:56+00:00,"–ë—Ä–∞—Ç—å—è, –ø–æ–¥—Å–∫–∞–∂–∏—Ç–µ, –º–æ–∂–µ—Ç –≤–∏–¥–µ–ª–∏ –≥–¥–µ?

–ù–µ –º–æ–≥—É –Ω–∞–π—Ç–∏ –≤–∏–¥–µ–æ, –≥–¥–µ –ø–∏–∑–¥—è—Ç —Ö–∞—á—å–µ –ø–æ–¥ –ª–∞–º–±–∞–¥—É)) –±–ª—è—Ç—å, –ì–¥–µ-—Ç–æ –≤–∏–¥–µ–ª, –¥–∞–≤–Ω–æ. –¢–µ–ø–µ—Ä—å –Ω–∞–π—Ç–∏ –Ω–µ –º–æ–≥—É..."
230,2022-08-30 08:20:37+00:00,"–Ø –∂–µ –æ–∫–∞–∑—ã–≤–∞–µ—Ç—Å—è –ø—å—é –∏ –≤–æ—Ä—É—éüëç
–°–ø–∞—Å–∏–±–æ —á—Ç–æ –Ω–∞–ø–æ–º–Ω–∏–ª–∏"
73,2023-04-11 07:36:09+00:00,"–º–æ—è –º–∞–ª–µ–Ω—å–∫–∞—è —Ç—É–ø–µ–Ω—å–∫–∞—è –≥–æ–ª–æ–≤–∞,–º–æ–∂–µ—Ç –ø–∏—Å–∞—Ç—å —Å–≤–æ–∏ –º—ã—Å–ª–∏ –±–µ–∑ –º–∞—Ç–∞ –∏ –æ–±–∑—ã–≤–∞—Ç–µ–ª—å—Å—Ç–≤ –≤ —Å—Ç–æ—Ä–æ–Ω—É –¥—Ä—É–≥–∏—Ö –ª—é–¥–µ–π,–∞ –≤–æ—Ç —Ç–≤–æ—è —É–º–Ω–∞—è –∏ –æ–≥—Ä–æ–º–Ω–∞—è –≥–æ–ª–æ–≤–∞,—Ç–∞–∫–æ–µ –∫ —Å–æ–∂–∞–ª–µ–Ω–∏—é –Ω–µ –º–æ–∂–µ—Ç,–≤–µ–¥—å –Ω–∞–≥–Ω—É—Ç—å –≤—Å–µ—Ö –ø–æ–¥ —Å–µ–±—è –º–æ–∂–µ—Ç –¥–æ–∫–∞–∑–∞—Ç—å –Ω–∞—Å–∫–æ–ª—å–∫–æ —Ç—ã –∫—Ä—É—Ç"
231,2022-08-30 09:35:15+00:00,"–≠—Ç–æ –∫ —Å–æ–∂–∞–ª–µ–Ω–∏—é –ø—Ä–∞–≤–¥–∞! –ò –º–Ω–µ –æ–±–∏–¥–Ω–æ –∑–∞ –¥–æ—á—å –∫–æ–≥–¥–∞ –æ–Ω–∞ –µ–≥–æ –Ω–∞—à–ª–∞, —Å–ø—Ä—Å–∏–ª–∞ ,, –∑–∞ —á—Ç–æ —Ç—ã —Ç–∞–∫ —Å–æ –º–Ω–æ–π?,,, –ê –æ–Ω –µ—ë –≤—ã–≥–Ω–∞–ª ! –ê –≤–∞—à–∏ —Å—Ç–∞—Ä–µ–π—à–∏–Ω—ã,  –Ω–∞ —ç—Ç–æ –æ—Ç–≤–µ—Ç–∏–ª–∏ , —á—Ç–æ —ç—Ç–æ –¥–µ–ª–æ –∫–∞–∂–¥–æ–≥–æ –ø–æ—Å—Ç—É–ø–∞—Ç—å –ø–æ —Å–æ–≤–µ—Å—Ç–∏, —á—Ç–æ –±–æ–≥ –≤—Å–µ—Ö –∏—Å–ø—Ä–∞–≤–∏—Ç –æ—Ç–≤–µ—Ç–∏–ª–∏ –Ω–∞—à–∏ —Ä–æ–¥—Å—Ç–≤–µ–Ω–Ω–∏–∫–∏ —Ç–æ–∂–µ –≤–∞—à–∏ —Å–µ—Å—Ç—Ä—ã –∏ –±—Ä–∞—Ç—å—è! –ö–∞–∫ —Ç–æ —É –≤–∞—Å –≤—Å–µ –ø—Ä–æ—Å—Ç–æ –ø–æ–ª—É—á–∞–µ—Ç—Å—è!!! –í—ã –ø—Ä—è–º –±–µ–ª–∞—è –∫–æ—Å—Ç—å!!! –¢–æ–ª—å–∫–æ –≤ –≥–æ—Ä–ª–µ!!!!"
66,2023-04-11 11:04:29+00:00,"–ß–µ–ª–æ–≤–µ–∫ —Å–æ–∑–¥–∞–≤—à–∏–π —ç—Ç—É –≥—Ä—É–ø–ø—É –ø—Å–∏—Ö, –∫–æ—Ç–æ—Ä—ã–π —Ö–æ—á–µ—Ç –±—ã—Ç—å –∑–Ω–∞–º–µ–Ω–∏—Ç—ã–º"
96,2023-04-10 18:46:14+00:00,"–ù–µ –ø–æ–º–Ω—é —Ç—ã –Ω–µ—Ç, –Ω–æ –≤—Ä–æ–¥–µ –¥–∞.
–®–ª–∞ –∫–æ–º–ø–∞–Ω–∏—è, –∏ —Ç–∞–º —á–µ–ª —Ç–∞–∫–æ–π –º–µ–ª–∫–æ–π –¥–µ–≤–æ—á–∫–µ: –∞ –º–µ–Ω—è –≤—ã–¥–µ—Ä–∂–∏—à—å
–ß—ë—Ç —Ç–∞–∫–æ–µ 
–ê –æ–Ω–∞ –æ—Ç–≤–µ—Ç–∏–ª–∞ –ø–æ—à—ë–ª –≤ –∂–æ–ø—É, –≤—Ä–æ–¥–µ —Ç–∞–∫.
–î–≤–µ –¥–µ–≤–∫–∏ –Ω–∞—á–∞–ª–∏ —É–≥–∞—Ä–∞—Ç—å –∏ –≤—ã –Ω–∞—á–∞–ª–∏ —Ç–∏–ø–æ —á–µ —Ä–∂—ë—Ç–µ –∏ —Ç—ã –ê–•–•–ê–•–ê–•–ê–•–ê. 
–° —Ç–æ–≥–æ –¥–Ω—è —Å—Ç–∞–ª–∞ –∫–æ—Å–∞—Ç–∫–æ–π, –Ω–µ –∑–Ω–∞—é –ø–æ—á–µ–º—É, –Ω–æ —Ä–∞–Ω–¥–æ–º —Å–ª–æ–≤–æ –ø—Ä–∏–µ–ª–æ—Å—å"
176,2023-01-30 18:06:55+00:00,"–ì–æ—Å–ø–æ–¥–∏, –∫–∞–∫–∏–µ —Ç—É—Ç —É–µ–±–∞–Ω—ã –≤ –∫–æ–º–º–µ–Ω—Ç–∞—Ö —Å–∏–¥—è—Ç. –Ø –≤–∞—Ö—É–µ —Å –≤–∞—Å, –∂–∏–≤–æ—Ç–Ω—ã–µ.."
213,2023-04-03 09:24:16+00:00,"–¢—ã —Å–æ–≤—Å–µ–º –∏–¥–∏–æ—Ç –∫–æ–≥–æ —Ç—ã —Å—Ç—Ä–æ–∏—à—å –∏–∑ —Å–µ–±—è .....
–¢—ã –ø—Ä–æ—Å—Ç–æ –ø–æ —Ñ–æ—Ç–æ –Ω–∞—á–∏–Ω–∞–µ—à—å –Ω–∞ —á–µ–ª–æ–≤–µ–∫–∞ –≥–Ω–∞—Ç—å 
–ò —É–±–µ—Ä–∏ –ú–∞–∫—Å–∏–º–∞ —Å –∞–≤—ã –Ω–µ –ø–æ–∑–æ—Ä—å –µ–≥–æ"
161,2023-04-10 21:02:15+00:00,–ì–ª–∞–≤–Ω–∞—è –ø—Ä–æ–±–ª–µ–º–∞ —ç—Ç–æ –∂–∏–¥—ã –∫–æ—Ç–æ—Ä—ã–µ –ø–æ–æ—â—Ä—è—é—Ç –≤—Å–µ —ç—Ç–∏ –¥–µ–ª–∞
228,2022-09-11 13:29:15+00:00,"–í–∞–º –ª–µ–Ω—å —á–∏—Ç–∞—Ç—å —á–∏—Ç–∞—Ç—å —Å—Ç–∞—Ç—å—é, –∞ –º–Ω–µ –ª–µ–Ω—å –ø—Ä–∏–≤–æ–¥–∏—Ç—å —Å—Å—ã–ª–∫–∏. –°—Å—ã–ª–∫–∏ —Ç–∞–º –µ—Å—Ç—å."
25,2023-03-27 19:25:53+00:00,–í—ã –∂–µ –µ—â—ë –≥–æ–≤–æ—Ä–∏—Ç–µ —á—Ç–æ –º—ã –±—ã–¥–ª–æ –∏ –¥–æ–∫–∞–ø—ã–≤–∞–µ–º—Å—è –¥–æ –ª—é–¥–µ–π
95,2023-04-10 18:43:44+00:00,"–¢—É—Ç —ç—Ç–æ –≤—Å–µ–º —É–∂–µ –∫–∞–∂–µ—Ç—Å—è
–≠—Ç–æ –∏–∑–Ω–∞—á–∞–ª—å–Ω–æ –≤—Å–µ –ø–µ—Ä–µ—Å—Ä–∞–ª–∏—Å—å"
159,2023-04-11 11:07:57+00:00,"—Ç–≤–æ—é –º–∞–º–∞—à—É —è –≤–Ω–∞—Ç—É—Ä–µ —Å–≤–æ–∏–º —á–ª–µ–Ω–æ–º —Å–∂–∞–ª —Å–≤–æ–µ–π —É—Ä–µ—Ç—Ä–æ–π, –∫–æ–π –¥–∞–≤–ª–µ–Ω–∏–µ —è–≤–ª—è–µ—Ç—Å—è –±–æ–ª–µ–µ, —á–µ–º —É —Å—Ç–æ —Ç–æ–Ω–Ω–æ–≥–æ –ø—Ä–µ—Å—Å–∞"
118,2023-04-10 19:33:27+00:00,"–î–∞ –∫–∞–º–æ–Ω
–ß–µ–ª—ã —ç—Ç–æ —Ç—É–ø–æ —Ä–∞—Å—Å–∫–∞–∑—ã–≤–∞—Ç—å –æ –Ω–∞–ø–∞–¥–µ–Ω–∏–∏ –æ—Å–æ–±–µ–Ω–Ω–æ –æ —Ç–∞–∫–æ–º"
252,2022-05-25 16:29:54+00:00,–ù–æ —Ç—ã —Å–≤–æ–∏ –¥–∞–Ω–Ω—ã–µ —Ä–µ–∞–ª—å–Ω–æ –∑–∞—Å—Å–∞–ª —Å–∫–∏–Ω—É—Ç—å —Ö–æ—Ç—è –ø–æ–Ω–∞—á–∞–ª—É –∫–∏—á–∏–ª—Å—è
193,2023-03-07 16:01:58+00:00,–∫–ª—è—Ç—ã–µ –Ω–∞—Ü–∏—Å—Ç—ã –Ω–µ –¥–∞—é—Ç –∂–∏—Ç—å –≤ –º–Ω–æ–≥–æ–Ω–∞—Ü–∏–æ–Ω–∞–ª—å–Ω–æ–π —Ä–∞—Å–µ–µ
98,2023-04-10 18:56:57+00:00,"–Ω–µ –∫–æ–º—É –Ω–µ –∫–∞–∂–µ—Ç—Å—è —á—Ç–æ —ç—Ç–æ –ø—Ä–æ—Å—Ç–æ —Ä–∞–∑–≤–æ–¥?? –Ω–µ—É–∂–µ–ª–∏ –±—ã —Å—Ç–∞–ª–∏ –ø–∏—Å–∞—Ç—å —Ç–∞–∫–æ–µ –∏ –≤—ã–∫–ª–∞–¥—ã–≤–∞—Ç—å, –µ–≥–æ –±—ã –¥–∞–≤–Ω–æ –ø–æ–π–º–∞–ª–∏"
242,2022-05-25 08:28:05+00:00,–°–µ–º—å—é —Ç–æ–ª—å–∫–æ –ø–∏–¥–æ—Ä—ã –æ—Å–∫–æ—Ä–±–ª—è—Ç—å –º–æ–≥—É—Ç.. –ø–æ—ç—Ç–æ–º—É —Å –ø–∏–¥–æ—Ä–æ–º –≥–æ–≤–æ—Ä–∏—Ç—å —ç—Ç–æ —Ñ—É
233,2023-02-21 13:27:55+00:00,"–¢–æ –µ—Å—Ç—å, –≤—ã —Å–Ω–∏–º–∞–µ—Ç–µ –æ—Ç–≤–µ—Ç—Å—Ç–≤–µ–Ω–Ω–æ—Å—Ç—å –∑–∞ —Å–≤–æ—é  –∂–∏–∑–Ω—å —Å —Å–∞–º–æ–≥–æ —á–µ–ª–æ–≤–µ–∫–∞?
–ò–Ω–∞—á–µ –≥–æ–≤–æ—Ä—è, –≤–Ω—É—à–∞–µ—Ç–µ –µ–º—É –±–µ–∑–≤–æ–ª–∏–µ –∏ —Å–ª–∞–±–æ—Å—Ç—å"
81,2023-04-11 09:10:54+00:00,"–ë–ª—è –¥–∞ –ø–∏–∑–¥—ë–∂—å —ç—Ç–æ –≤—Å—ë –Ω–∞—Ö—É–π, –∫–∞–∫–æ–π —Ç–æ –º–∞–ª–æ–ª–µ—Ç–∫–∞ —Å–∏–¥–∏—Ç, –ø–∏—à–µ—Ç –≤—Å—è–∫—É—é –ø–æ–µ–±–µ–Ω—å –∞ –≤—ã –≤–µ—Ä–∏—Ç–µ"
33,2023-02-13 12:51:10+00:00,"–ê—Ö–∞—Ö–∞—Ö—Ö–∞—Ö–∞–∞—Ö, –Ω–∞ —Å—Ç–æ–ª—å–∫–æ —É–±–æ–≥–∏–µ –æ—Ç–º–∞–∑–∫–∏, –Ω—É –Ω–µ –ø—Ä–∏–∑–Ω–∞—ë—à—å —Ç—ã —Å–≤–æ–∏—Ö —Ä–æ–¥–∏—Ç–µ–ª–µ–π , —à–ª—é—Ö—É –∏ –∫–∞–∫–æ–≥–æ-—Ç–æ –∞—Ñ—Ä–∏–∫–∞–Ω—Ü–∞, –Ω—É –Ω–µ –º–µ—Ç–∞–π —Ç—ã —Å—Ç—Ä–µ–ª–∫–∏"
9,2022-10-20 11:07:45+00:00,"–Ω–æ —Ç–æ—Ç —á–µ–ª –∫–æ–≥–æ –±—å—é—Ç –≤—Ä—è–¥–ª–∏ –ø—Ä–æ–¥–∞–≤–∞–ª –Ω–∞—Ä–∫–æ—Ç–∏–∫–∏, –∏ –ø–∏—Å–∞–ª –º–∞–ª–µ–Ω—å–∫–∏–º –¥–µ–≤–æ—á–∫–∞–º... –∑–∞ —á—Ç–æ –µ–º—É —ç—Ç–æ?"
207,2023-03-18 14:16:59+00:00,–Ø —Å —Ç–æ–±–æ–π –ø–æ –Ω–æ—Ä–º –æ–±—â–∞—é—Å—å –∞ —Ç—ã –≤–µ–¥√´—à—å —Å–µ–±—è –∫–∞–∫ –º—Ä–∞–∑–æ—Ç–∞ –∫–æ–Ω—á–µ–Ω–∞—è
152,2023-04-11 15:02:53+00:00,"—Ç–µ–±—è —Ç—É—Ç –∫–∞–∂–¥—ã–π –≤ —Ä–æ—Ç –µ–±–∞–ª, –ø–æ–π–º–∏ –∏ –ø—Ä–∏–º–∏ –¥–∞–Ω–Ω–æ–µ —Å—ã–Ω —à–∞–ª–∞–≤—ã"
43,2023-04-11 09:39:42+00:00,"–≠—Ç–æ –≤—Å–µ –Ω–µ –ø—Ä–∞–≤–¥–∞, –Ω–æ —ç—Ç–æ –º–æ–∂–µ—Ç —Å–ø—Ä–æ–≤–æ—Ü–∏—Ä–æ–≤–∞—Ç—å —Å—Ä—ã–≤ —É—Ä–æ–∫–æ–≤"
18,2023-02-07 13:57:09+00:00,–ß–µ–ª–æ–≤–µ–∫ –ø—Ä–æ—Å–∏–ª –≥–æ–ª–æ–≤—É —Ä–µ–±–µ–Ω–∫–∞ —Ä–∞–¥–∏ –∫–∞–∫–∏—Ö —Ç–æ —ç–∫—Å–ø–µ—Ä–µ–º–µ–Ω—Ç–æ–≤
212,2023-03-15 17:34:00+00:00,"–¢–æ–≥–¥–∞ —Å–∫–∞–∂–∏, —Å–≤–æ–µ –º–Ω–µ–Ω–∏–µ —Ç–æ –µ—Å—Ç—å —Ç—ã —Å—á–∏—Ç–∞–µ—à—å —á—Ç–æ –µ–±–∞—Ç—å –¥–µ—Ç–µ–π –Ω–æ—Ä–º–∞?

–î–∞ ? –ù—É —Ä–∞–∑ —Ç—ã –ø—Ä–æ—Ç–∏–≤ —Ç–æ–≥–æ —á—Ç–æ –¥–µ–ª–∞–ª —Ç–µ—Å–∞–∫? –ß—Ç–æ-—Ç–æ —Ç–∞–º –ø—Ä–æ –ª—é–¥–µ–π –≥–æ–≤–æ—Ä–∏—à—å —á—Ç–æ –æ–Ω —Ç–∞–º –∫–æ–≥–æ-—Ç–æ —É–Ω–∏–∂–∞–ª. –ú–æ–∂–Ω–æ —É–∑–Ω–∞—Ç—å –∫–∞–∫–∏—Ö –ª—é–¥–µ–π –≤–æ—Ç —è —Ç–µ–±–µ –∑–∞–¥–∞–ª –∫–æ–Ω–∫—Ä–µ—Ç–Ω—ã–π –≤–æ–ø—Ä–æ—Å.? —è –ø—Ä–æ–º–æ–ª—á—É —á—Ç–æ –æ–Ω –∏—Ö –ø–æ —Ñ–∞–∫—Ç—É –Ω–∞ –º–µ—Å—Ç–µ –ø—Ä–µ—Å—Ç—É–ø–ª–µ–Ω–∏—è –ª–æ–≤–∏–ª‚Ä¶"
111,2023-04-10 18:34:45+00:00,–≥–æ —á–µ—Å—Ç–Ω–æ –∫—Ç–æ –æ–±–∞—Å—Ä–∞–ª—Å—è –∫–æ–≥–¥–∞ 1 —Ä–∞–∑ –æ–± —ç—Ç–æ–º —É–∑–Ω–∞–ª —è –¥–∞ —Å–∏–ª—å–Ω–æ
224,2022-09-13 10:42:13+00:00,"–û–Ω –≥–æ–≤–æ—Ä–∏—Ç –±—ã–ª–æ –±—ã —Ç—è–∂–µ–ª–æ. –ß–µ–ª. –¢—ã –¥–æ–ª–∂–µ–Ω –±—É–¥–µ—à—å –º–æ—Ä–∞–ª—å–Ω–æ —É–±–∏—Ç—å —Å–µ–±—è, —á—Ç–æ–±—ã –ø–æ–π—Ç–∏ –Ω–∞ —Ç–∞–∫–æ–µ. –≠—Ç–æ –¥–∏—á—å —É–±—å—ë—Ç –∏ —Ç–µ–±—è, –∏ —Ä–µ–±—ë–Ω–∫–∞."
144,2023-04-11 11:10:01+00:00,–ø–∏–∑–¥–µ—Ü –¥–∞ —Ç—ã —á–µ –Ω—É–ª—ë–≤–∫–∞ –µ–±–∞–Ω–∞—è –≤ —Å–µ–±—è –ø–æ–≤–µ—Ä–∏–ª–∞ –∏–ª–∏ —á–µ
223,2022-09-02 10:16:24+00:00,–£ –≤–∞—Å —Ç–∞–º –≤ —á–∞—Ç–µ –Ω–µ —Å–ø–µ–∫—Ç–∞–∫–ª—å —Ä–∞–∑–≤–µ  –Ω–∞–¥–µ–≤–∞–µ—Ç–µ –ª–∏—Ü–µ–º–µ—Ä–Ω—ã–µ –º–∞—Å–∫–∏  –∏ –ª–∂–µ—Ç–µ –¥—Ä—É–≥ –¥—Ä—É–≥—É.üòÄ
16,2021-06-13 09:21:57+00:00,"–î–∞ –Ω—É,—Ö—É–ª–∏ —Ç–æ–ª–ø–æ–π –Ω–∞ –æ–¥–Ω–æ–≥–æ,—Ö–æ—Ç—è –±—ã —Ç–æ–ª–ø–∞ –Ω–∞ —Ç–æ–ª–ø—É,–∏–ª–∏ —Ä–∞–∑ –Ω–∞ —Ä–∞–∑"
57,2023-04-11 07:01:04+00:00,"–°–æ–∑–¥–∞—Ç–µ–ª—å —ç—Ç–æ–≥–æ –∫–∞–Ω–∞–ª–∞ :–ø–∏–¥–æ—Ä –ø–∏–¥–æ—Ä–∞—Å, –ø–∏ –ø–∏ –ø–∏–¥–æ—Ä –ø–∏–¥–æ—Ä –ø–∏–¥–æ—Ä"
241,2022-05-25 08:29:11+00:00,"–≠—Ç–æ —Ç—ã –ø–∞–¥–ª–∞ —Å–∫–∞–∑–∞–ª, –∞ —Ç–æ —á—Ç–æ —Ç—ã —Å—Å—ã–∫–ª–æ, —Å—Ç–∞–ª–æ –ø–æ –¥–µ–ª–∞–º –ø–æ–Ω—è—Ç–Ω–æ"
114,2023-04-10 21:15:09+00:00,"–ë–ª—è –∑–∞–µ–±–∞–ª —Ö—É–π–Ω—é –Ω–µ—Å—Ç–∏, —Ç—ã –∂–µ –±–ª—è—Ç—å 12 –ª–µ—Ç–Ω–∏–π –∫–ª–æ—É–Ω. –ò –¥–∂–∏—Ö–∞–¥ —Ç–≤–æ–π –±–ª—è—Ç—å –≤—ã–¥—É–º–∫–∞, –∏ —Ç–æ –µ—Å–ª–∏ –æ–Ω —Å—É—â–µ—Å—Ç–≤—É–µ—Ç —Ç–æ –ø—Ä–æ–¥–∞—ë—Ç —Ñ—Ä—É–∫—Ç—ã –≤ –∫–∞–∫–æ–º-—Ç–æ —á—É—Ä–∫–∞—Å—Ç–∞–Ω–µ"
53,2023-04-11 07:40:08+00:00,–∞—Ö–∞—Ö–∞—Ö —Ç—É—Ç –∫–∞–∫–∏–µ-—Ç–æ –ø—è—Ç–∏–∫–ª–∞—à–∫–∏ –æ–±—Å—É–∂–¥–∞—é—Ç —ç—Ç—É —Å–∏—Ç—É–∞—Ü–∏—é
135,2023-04-05 04:29:52+00:00,–±–ª–∞–≥–æ–¥–∞—Ä—è –≤–∞–º –º—ã –≤–∞–º–∏. —É–ø—Ä–∞–≤–ª—è–µ–º –∏ –∑–Ω–∞–µ–º –Ω–∞–ø–µ—Ä–µ–ª –∫–∞–∫ —Å–µ–±—è –ø–æ–≤–µ–¥–µ—Ç –Ω–∞—Ç–æ
79,2023-04-11 07:44:49+00:00,–£ –º–µ–Ω—è –≤—ã—Å—à–∞—è —Å—Ç–µ–ø–µ–Ω—å –Ω–µ–¥–æ–≤–æ–ª—å—Å—Ç–≤–∞ –º–æ–ª–æ–¥–æ–π —á–µ–ª–æ–≤–µ–∫.
160,2023-04-10 21:02:54+00:00,"–î–∞ –∂–∏–¥—ã —Ç—É—Ç –Ω–µ –ø—Ä–∏—á—ë–º –ø–æ –º–æ–µ–º—É –º–Ω–µ–Ω–∏—é, –≤—Ä–æ–¥–µ –±—ã. –≠—Ç–æ –Ω–∞—à–∏ –≤–ª–∞—Å—Ç–∏ –≤—Å—ë —ç—Ç–æ –¥–µ–ª–∞—é—Ç"
195,2023-03-16 09:22:26+00:00,–ù—É —ç—Ç–æ –≤ 5 —Ä–∞–∑ –±–æ–ª—å—à–µ —á–µ–º —É —Ç–≤–æ–∏—Ö —Ä–æ–¥–∏—Ç–µ–ª–µ–π –æ–º√´–± –µ–±–∞–Ω—ã—Ö
84,2023-04-11 08:50:47+00:00,–∞–∞–∞–∞–∞–∞–∞–∞–∞–∞–∞–∞–∞–∞–∞–∞–∞–∞–∞–ê–∞–∞–∞–∞–∞–∞–∞–∞–∞–∞–∞–∞–∞–∞–∞–∞–∞–∞–∞–∞–∞–∞–∞–∞–ê–∞–∞–∞–∞–∞–∞–∞–∞–∞–∞–∞–∞–∞–∞–∞–∞–∞–∞–∞–∞–∞–∞–∞–∞–ê–∞–∞–∞–∞–∞–∞–∞–∞–∞–∞–∞–∞–∞–∞–∞–∞–∞–∞–∞–∞–∞–∞–∞–∞–ê–∞–∞–∞–∞–∞–∞–∞–∞–∞–∞–∞–∞–∞–∞–∞–∞–∞–∞–∞–∞–∞–∞–∞–∞–ê–∞–∞–∞–∞–∞–∞–∞–∞–∞–∞–∞–∞–∞–∞–∞–∞–∞–∞–∞–∞–∞–∞–∞–∞–ê–∞–∞–∞–∞–∞–∞–∞–∞–∞–∞–∞–∞–∞–∞–∞–∞–∞–∞–∞–∞–∞–∞–∞–∞–ê–∞–∞–∞–∞–∞–∞–∞–∞–∞–∞–∞–∞–∞–∞–∞–∞–∞–∞–∞–∞–∞–∞–∞–∞–∞–∞–ê–∞–∞–∞–∞–∞–∞–∞–∞–∞–∞–∞–∞–∞–∞–∞–∞–∞–∞–∞–∞–∞–∞–∞–∞–ê–∞–∞–∞–∞–∞–∞–∞–∞–∞–∞–∞–∞–∞–∞–∞–∞–∞–∞–∞–∞–∞–∞–∞–∞–ê–∞–∞–∞–∞–∞–∞–∞–∞–∞–∞–∞–∞–∞–∞–∞–∞–∞–∞–∞–∞–∞–∞–∞–∞–ê–∞–∞–∞–∞–∞–∞–∞–∞–∞–∞–∞–∞–∞–∞–∞–∞–∞–∞–∞–∞–∞–∞–∞–∞–ê–∞–∞–∞–∞–∞–∞–∞–∞–∞–∞–∞–∞–∞–∞–∞–∞–∞–∞–∞–∞–∞–∞–∞–∞–ê–∞–∞–∞–∞–∞–∞–∞–∞–∞–∞–∞–∞–∞–∞–∞–∞–∞–∞–∞–∞–∞–∞–∞–∞–ê–∞–∞–∞–∞–∞–∞–∞–∞–∞–∞–∞–∞–∞–∞–∞–∞–∞–∞–∞–∞–∞–∞–∞–∞–ê–∞–∞–∞–∞–∞–∞–∞–∞–∞–∞–∞–∞–∞–∞–∞–∞–∞–∞–∞–∞–∞–∞–∞–∞–ê–∞–∞–∞–∞–∞–∞–∞–∞–∞–∞–∞–∞–∞–∞–∞–∞–∞–∞–∞–∞–∞–∞–∞–∞–∞–∞–ê–∞–∞–∞–∞–∞–∞–∞–∞–∞–∞–∞–∞–∞–∞–∞–∞–∞–∞–∞–∞–∞–∞–∞–∞–ê–∞–∞–∞–∞–∞–∞–∞–∞–∞–∞–∞–∞–∞–∞–∞–∞–∞–∞–∞–∞–∞–∞–∞–∞–ê–∞–∞–∞–∞–∞–∞–∞–∞–∞–∞–∞–∞–∞–∞–∞–∞–∞–∞–∞–∞–∞–∞–∞–∞–ê–∞–∞–∞–∞–∞–∞–∞–∞–∞–∞–∞–∞–∞–∞–∞–∞–∞–∞–∞–∞–∞–∞–∞–∞–ê–∞–∞–∞–∞–∞–∞–∞–∞–∞–∞–∞–∞–∞–∞–∞–∞–∞–∞–∞–∞–∞–∞–∞–∞–ê–∞–∞–∞–∞–∞–∞–∞–∞–∞–∞–∞–∞–∞–∞–∞–∞–∞–∞–∞–∞–∞–∞–∞–∞–ê–∞–∞–∞–∞–∞–∞–∞–∞–∞–∞–∞–∞–∞–∞–∞–∞–∞–∞–∞–∞–∞–∞–∞–∞–ê–∞–∞–∞–∞–∞–∞–∞–∞–∞–∞–∞–∞–∞–∞–∞–∞–∞–∞–∞–∞–∞–∞–∞–∞–ê–∞–∞–∞–∞–∞–∞–∞–∞–∞–∞–∞–∞–∞–∞–∞–∞–∞–∞–∞–∞–∞–∞–∞–∞–∞–∞–ê–∞–∞–∞–∞–∞–∞–∞–∞–∞–∞–∞–∞–∞–∞–∞–∞–∞–∞–∞–∞–∞–∞–∞–∞–ê–∞–∞–∞–∞–∞–∞–∞–∞–∞–∞–∞–∞–∞–∞–∞–∞–∞–∞–∞–∞–∞–∞–∞–∞–ê–∞–∞–∞–∞–∞–∞–∞–∞–∞–∞–∞–∞–∞–∞–∞–∞–∞–∞–∞–∞–∞–∞–∞–∞–ê–∞–∞–∞–∞–∞–∞–∞–∞–∞–∞–∞–∞–∞–∞–∞–∞–∞–∞–∞–∞–∞–∞–∞–∞–ê–∞–∞–∞–∞–∞–∞–∞–∞–∞–∞–∞–∞–∞–∞–∞–∞–∞–∞–∞–∞–∞–∞–∞–∞–ê–∞–∞–∞–∞–∞–∞–∞–∞–∞–∞–∞–∞–∞–∞–∞–∞–∞–∞–∞–∞–∞–∞–∞–∞–ê–∞–∞–∞–∞–∞–∞–∞–∞–∞–∞–∞–∞–∞–∞–∞–∞–∞–∞–∞–∞–∞–∞–∞–∞–ê–∞–∞–∞–∞–∞–∞–∞–∞–∞–∞–∞–∞–∞–∞–∞–∞–∞–∞–∞–∞–∞–∞–∞–∞–ê–∞–∞–∞–∞–∞–∞–∞–∞–∞–∞–∞–∞–∞–∞–∞–∞–∞–∞–∞–∞–∞–∞–∞–∞–∞–∞–ê–∞–∞–∞–∞–∞–∞–∞–∞–∞–∞–∞–∞–∞–∞–∞–∞–∞–∞–∞–∞–∞–∞–∞–∞–ê–∞–∞–∞–∞–∞–∞–∞–∞–∞–∞–∞–∞–∞–∞–∞–∞–∞–∞–∞–∞–∞–∞–∞–∞–ê–∞–∞–∞–∞–∞–∞–∞–∞–∞–∞–∞–∞–∞–∞–∞–∞–∞–∞–∞–∞–∞–∞–∞–∞–ê–∞–∞–∞–∞–∞–∞–∞–∞–∞–∞–∞–∞–∞–∞–∞–∞–∞–∞–∞–∞–∞–∞–∞–∞–ê–∞–∞–∞–∞–∞–∞–∞–∞–∞–∞–∞–∞–∞–∞–∞–∞–∞–∞–∞–∞–∞–∞–∞–∞–ê–∞–∞–∞–∞–∞–∞–∞–∞–∞–∞–∞–∞–∞–∞–∞–∞–∞–∞–∞–∞–∞–∞–∞–∞–ê–∞–∞–∞–∞–∞–∞–∞–∞–∞–∞–∞–∞–∞–∞–∞–∞–∞–∞–∞–∞–∞–∞–∞–∞–ê–∞–∞–∞–∞–∞–∞–∞–∞–∞–∞–∞–∞–∞–∞–∞–∞–∞–∞–∞–∞–∞–∞–∞–∞–ê–∞–∞–∞–∞–∞–∞–∞–∞–∞–∞–∞–∞–∞–∞–∞–∞–∞–∞–∞–∞–∞–∞–∞–∞–∞–∞–ê–∞–∞–∞–∞–∞–∞–∞–∞–∞–∞–∞–∞–∞–∞–∞–∞–∞–∞–∞–∞–∞–∞–∞–∞–ê–∞–∞–∞–∞–∞–∞–∞–∞–∞–∞–∞–∞–∞–∞–∞–∞–∞–∞–∞–∞–∞–∞–∞–∞–ê–∞–∞–∞–∞–∞–∞–∞–∞–∞–∞–∞–∞–∞–∞–∞–∞–∞–∞–∞–∞–∞–∞–∞–∞–ê–∞–∞–∞–∞–∞–∞–∞–∞–∞–∞–∞–∞–∞–∞–∞–∞–∞–∞–∞–∞–∞–∞–∞–∞–ê–∞–∞–∞–∞–∞–∞–∞–∞–∞–∞–∞–∞–∞–∞–∞–∞–∞–∞–∞–∞–∞–∞–∞–∞–ê–∞–∞–∞–∞–∞–∞–∞–∞–∞–∞–∞–∞–∞–∞–∞–∞–∞–∞–∞–∞–∞–∞–∞–∞–ê–∞–∞–∞–∞–∞–∞–∞–∞–∞–∞–∞–∞–∞–∞–∞–∞–∞–∞–∞–∞–∞–∞–∞–∞–ê–∞–∞–∞–∞–∞–∞–∞–∞–∞–∞–∞–∞–∞–∞–∞–∞–∞–∞–∞–∞–∞–∞–∞–∞–ê–∞–∞–∞–∞–∞–∞–∞–∞–∞–∞–∞–∞–∞–∞–∞–∞–∞–∞–∞–∞–∞–∞–∞–∞–∞–∞–ê–∞–∞–∞–∞–∞–∞–∞–∞–∞–∞–∞–∞–∞–∞–∞–∞–∞–∞–∞–∞–∞–∞–∞–∞–ê–∞–∞–∞–∞–∞–∞–∞–∞–∞–∞–∞–∞–∞–∞–∞–∞–∞–∞–∞–∞–∞–∞–∞–∞–ê–∞–∞–∞–∞–∞–∞–∞–∞–∞–∞–∞–∞–∞–∞–∞–∞–∞–∞–∞–∞–∞–∞–∞–∞–ê–∞–∞–∞–∞–∞–∞–∞–∞–∞–∞–∞–∞–∞–∞–∞–∞–∞–∞–∞–∞–∞–∞–∞–∞–ê–∞–∞–∞–∞–∞–∞–∞–∞–∞–∞–∞–∞–∞–∞–∞–∞–∞–∞–∞–∞–∞–∞–∞–∞–ê–∞–∞–∞–∞–∞–∞–∞–∞–∞–∞–∞–∞–∞–∞–∞–∞–∞–∞–∞–∞–∞–∞–∞–∞–ê–∞–∞–∞–∞–∞–∞–∞–∞–∞–∞–∞–∞–∞–∞–∞–∞–∞–∞–∞–∞–∞–∞–∞–∞–ê–∞–∞–∞–∞–∞–∞–∞–∞–∞–∞–∞–∞–∞–∞–∞–∞–∞–∞–∞–∞–∞–∞–∞–∞–ê–∞–∞–∞–∞–∞–∞–∞–∞–∞–∞–∞–∞–∞–∞–∞–∞–∞–∞–∞–∞–∞–∞–∞–∞–∞–∞–ê–∞–∞–∞–∞–∞–∞–∞–∞–∞–∞–∞–∞–∞–∞–∞–∞–∞–∞–∞–∞–∞–∞–∞–∞–ê–∞–∞–∞–∞–∞–∞–∞–∞–∞–∞–∞–∞–∞–∞–∞–∞–∞–∞–∞–∞–∞–∞–∞–∞–ê–∞–∞–∞–∞–∞–∞–∞–∞–∞–∞–∞–∞–∞–∞–∞–∞–∞–∞–∞–∞–∞–∞–∞–∞–ê–∞–∞–∞–∞–∞–∞–∞–∞–∞–∞–∞–∞–∞–∞–∞–∞–∞–∞–∞–∞–∞–∞–∞–∞–ê–∞–∞–∞–∞–∞–∞–∞–∞–∞–∞–∞–∞–∞–∞–∞–∞–∞–∞–∞–∞–∞–∞–∞–∞–ê–∞–∞–∞–∞–∞–∞–∞–∞–∞–∞–∞–∞–∞–∞–∞–∞–∞–∞–∞–∞–∞–∞–∞–∞–ê–∞–∞–∞–∞–∞–∞–∞–∞–∞–∞–∞–∞–∞–∞–∞–∞–∞–∞–∞–∞–∞–∞–∞–∞–ê–∞–∞–∞–∞–∞–∞–∞–∞–∞–∞–∞–∞–∞–∞–∞–∞–∞–∞–∞–∞–∞–∞–∞–∞–ê–∞–∞–∞–∞–∞–∞–∞–∞–∞–∞–∞–∞–∞–∞–∞–∞–∞–∞–∞–∞–∞–∞–∞–∞–∞–∞–ê–∞–∞–∞–∞–∞–∞–∞–∞–∞–∞–∞–∞–∞–∞–∞–∞–∞–∞–∞–∞–∞–∞–∞–∞–ê–∞–∞–∞–∞–∞–∞–∞–∞–∞–∞–∞–∞–∞–∞–∞–∞–∞–∞–∞–∞–∞–∞–∞–∞–ê–∞–∞–∞–∞–∞–∞–∞–∞–∞–∞–∞–∞–∞–∞–∞–∞–∞–∞–∞–∞–∞–∞–∞–∞–ê–∞–∞–∞–∞–∞–∞–∞–∞–∞–∞–∞–∞–∞–∞–∞–∞–∞–∞–∞–∞–∞–∞–∞–∞–ê–∞–∞–∞–∞–∞–∞–∞–∞–∞–∞–∞–∞–∞–∞–∞–∞–∞–∞–∞–∞–∞–∞–∞–∞–ê–∞–∞–∞–∞–∞–∞–∞–∞–∞–∞–∞–∞–∞–∞–∞–∞–∞–∞–∞–∞–∞–∞–∞–∞–ê–∞–∞–∞–∞–∞–∞–∞–∞–∞–∞–∞–∞–∞–∞–∞–∞–∞–∞–∞–∞–∞–∞–∞–∞–ê–∞–∞–∞–∞–∞–∞–∞–∞–∞–∞–∞–∞–∞–∞–∞–∞–∞–∞–∞–∞–∞–∞–∞–∞–ê–∞–∞–∞–∞–∞–∞–∞–∞–∞–∞–∞–∞–∞–∞–∞–∞–∞–∞–∞–∞–∞–∞–∞–∞–∞–∞–ê–∞–∞–∞–∞–∞–∞–∞–∞–∞–∞–∞–∞–∞–∞–∞–∞–∞–∞–∞–∞–∞–∞–∞–∞–ê–∞–∞–∞–∞–∞–∞–∞–∞–∞–∞–∞–∞–∞–∞–∞–∞–∞–∞–∞–∞–∞–∞–∞–∞–ê–∞–∞–∞–∞–∞–∞–∞–∞–∞–∞–∞–∞–∞–∞–∞–∞–∞–∞–∞–∞–∞–∞–∞–∞–ê–∞–∞–∞–∞–∞–∞–∞–∞–∞–∞–∞–∞–∞–∞–∞–∞–∞–∞–∞–∞–∞–∞–∞–∞–ê–∞–∞–∞–∞–∞–∞–∞–∞–∞–∞–∞–∞–∞–∞–∞–∞–∞–∞–∞–∞–∞–∞–∞–∞–ê–∞–∞–∞–∞–∞–∞–∞–∞–∞–∞–∞–∞–∞–∞–∞–∞–∞–∞–∞–∞–∞–∞–∞–∞–ê–∞–∞–∞–∞–∞–∞–∞–∞–∞–∞–∞–∞–∞–∞–∞–∞–∞–∞–∞–∞–∞–∞–∞–∞–ê–∞–∞–∞–∞–∞–∞–∞–∞–∞–∞–∞–∞–∞–∞–∞–∞–∞–∞–∞–∞–∞–∞–∞–∞–ê–∞–∞–∞–∞–∞–∞–∞–∞–∞–∞–∞–∞–∞–∞–∞–∞–∞–∞–∞–∞–∞–∞–∞–∞–∞–∞–ê–∞–∞–∞–∞–∞–∞–∞–∞–∞–∞–∞–∞–∞–∞–∞–∞–∞–∞–∞–∞–∞–∞–∞–∞–ê–∞–∞–∞–∞–∞–∞–∞–∞–∞–∞–∞–∞–∞–∞–∞–∞–∞–∞–∞–∞–∞–∞–∞–∞–ê–∞–∞–∞–∞–∞–∞–∞–∞–∞–∞–∞–∞–∞–∞–∞–∞–∞–∞–∞–∞–∞–∞–∞–∞–ê–∞–∞–∞–∞–∞–∞–∞–∞–∞–∞–∞–∞–∞–∞–∞–∞–∞–∞–∞–∞–∞–∞–∞–∞–ê–∞–∞–∞–∞–∞–∞–∞–∞–∞–∞–∞–∞–∞–∞–∞–∞–∞–∞–∞–∞–∞–∞–∞–∞–ê–∞–∞–∞–∞–∞–∞–∞–∞–∞–∞–∞–∞–∞–∞–∞–∞–∞–∞–∞–∞–∞–∞–∞–∞–ê–∞–∞–∞–∞–∞–∞–∞–∞–∞–∞–∞–∞–∞–∞–∞–∞–∞–∞–∞–∞–∞–∞–∞–∞–ê–∞–∞–∞–∞–∞–∞–∞–∞–∞–∞–∞–∞–∞–∞–∞–∞–∞–∞–∞–∞–∞–∞–∞–∞–ê–∞–∞–∞–∞–∞–∞–∞–∞–∞–∞–∞–∞–∞–∞–∞–∞–∞–∞–∞–∞–∞–∞–∞–∞
6,2022-12-30 07:49:41+00:00,"–ë–ª—è –≤—ã –∫–∞–∫ –¥–µ—Ç–∏, –∞—Ä–≥—É–º–µ–Ω—Ç–æ–≤ –Ω–µ—Ç –Ω–∏–∫–∞–∫–∏—Ö, –∞ —Ç–æ–ª—å–∫–æ ""—É–π–¥–∏ –∞—Ç—Å—é–¥–∞ —Ç–∞—É–Ω"", —É –≤–∞—Å IQ –º–µ–Ω—å—à–µ 50, –≤–∞—à–∞ –∏–¥–µ–æ–ª–æ–≥–∏—è –ø—Ä–æ—Ç–∏–≤–æ—Ä–µ—á–∏—Ç –≤–∞–º —Å–∞–º–∏–º —Ç–∫ –≤—ã —É–Ω—Ç–µ—Ä–º–µ–Ω—à–∏, –∂–∏–≤–∏—Ç–µ –¥–∞–ª—å—à–µ –æ–±–∏–∂–µ–Ω–∫–∏ –≤ –Ω–µ–Ω–∞–≤–∏—Å—Ç–∏, –≤–∞—Å –±–æ–ª—å—à–∏–Ω—Å—Ç–≤–æ –ª–∏–±–æ –≤ —à–∫–æ–ª–µ –æ–±–∏–∂–∞–ª–∏, –ª–∏–±–æ –∫–∞–∫ —Ç–æ –æ–±–∏–¥–µ–ª–∞ –∫–∞–∫–∞—è —Ç–æ –Ω–∞—Ü–∏–æ–Ω–∞–ª—å–Ω–æ—Å—Ç—å, –∞ –Ω–∞–ø—Ä–∞–≤–∏—Ç—å —ç–Ω–µ—Ä–≥–∏—é –≤ –Ω—É–∂–Ω–æ–µ —Ä—É—Å–ª–æ, –∞ –Ω–µ –Ω–∞—Ü–∏–∑–º, –º–æ–∑–≥–æ–≤ –Ω–µ —Ö–≤–∞—Ç–∏—Ç –µ–±—É—á–∏–µ –º–∞—Ä–≥–∏–Ω–∞–ª—ã"
132,2023-04-05 02:18:43+00:00,"–ù–∞—Å—Ç–æ–ª—å–∫–æ –≤–æ—Å—Ö–≤–æ–ª—è–µ—Ç —Å–æ–≤–æ–∫, —á—Ç–æ –≤—Å–µ –∫–æ–Ω—Ü–æ–≤–∫–∏ - –∞–Ω—Ç–∏—Å–æ–≤–µ—Ç—Å–∫–∏–µ. –û—Ö—É–µ–Ω–Ω–æ."
69,2023-04-11 07:56:52+00:00,–ö–¢–û –°–û –ú–ù–û–ô –í –ö–û–°–´–ù–ö–£ –û–ù–õ–ê–ô–ù –ò –ü–û–•–£–ô –ß–¢–û –¢–ê–ö–û–ô –ù–ï –°–£–©–ï–°–¢–í–£–ï–¢?
42,2023-04-11 09:38:13+00:00,"–Ø —Ç–µ–±—è —Å—É–∫–∞ –Ω–∞–π–¥—É –∏ –æ—Ç—ä–µ–±–∞—à—É, –Ω–∞—Ö—É–π —Ç—ã —ç—Ç–æ –ø–∏—à–µ—à—å –±–ª—è—Ç—å"
80,2023-04-11 09:10:18+00:00,"–¢—ã —á–µ, –æ—Å–ª–∏–Ω–∞ –º–æ–∫—Ä–∞—è,–∏–∑ –≤–µ–¥—Ä–∞ –≥–æ–≤–æ—Ä–∏—à—å? –•—É–π —Ç–µ–±–µ –≤ —Ä–æ—Ç, —Å —Ç–µ–ª—å—á—å—é –Ω–æ–≥—É"
239,2022-06-30 20:19:34+00:00,–ó–Ω–∞—Ç—å –≤—Å–µ –ª—é–¥–∏ –∫—Ç–æ —Ç–µ–±–µ –Ω–µ –¥—Ä—É–≥ —Ç–≤–æ–∏ –≤—Ä–∞–≥–∏ .. —Å–∫–æ–ª—å–∫–æ —É —Ç–µ–± –¥—Ä—É–∑–µ–π? 10? 20? –ó–Ω–∞—Ç—å –≤—Å–µ –æ—Å—Ç–∞–ª—å–Ω—ã–µ –≤—Ä–∞–≥–∏?
54,2023-04-11 07:37:47+00:00,"—á–µ–ª —Ç—ã —Ö–æ—Ç—å –Ω–∞–ø–∏—à–∏ —á—Ç–æ-—Ç–æ, –Ω–∞–º –∏–Ω—Ç–µ—Ä–µ—Å–Ω–æ –ø–æ—á–µ–º—É –æ–ø–∞–∑–¥—ã–≤–∞–µ—à—å"
184,2023-03-27 08:45:27+00:00,–ú–æ–∂–µ—Ç —É –Ω–µ–≥–æ –±—ã–ª–æ –º–Ω–µ–Ω–∏–µ –ø—Ä–æ –µ–±–ª–∞–Ω–æ–≤ –∫–æ—Ç–æ—Ä—ã–µ 15–ª–µ—Ç–Ω–∏—Ö –¥–µ–≤–æ—á–µ–∫ –Ω–æ–∂–∏–∫–æ–º —Ç—ã–∫–∞–ª–∏?
206,2023-03-17 14:23:25+00:00,"–ø—Ä–æ—Ä–æ–∫ –º—É—Ö–∞–º–µ–¥ —Ä–∞—Å–ø–∏–∑–∂–µ–Ω–Ω—ã–π –æ–±—Ä–æ—Å—à–∏–π –ø–æ—Ç–Ω—ã–π –ø–µ—Ç—É—Ö —Ä–æ–≥–æ–Ω–æ—Å–µ—Ü , –Ω–∞–µ–±–∞–Ω—ã–π –ø–µ—Ä–µ—ë–±–∞–Ω—ã–π –≤—Å–µ–º–∏ –æ—Ç–±—Ä–æ—Å–∞–º–∏ –ø–æ–¥—Å–æ—Å–∞–º–∏ –∞–ª–ª–∞—Ö–∞ –ø–∏–¥–æ—Ä–∞—Å–∞, –ø–æ–∫–∞ —ç—Ç–æ—Ç –º—É–¥–∞–∫ –±—ã–ª –Ω–∞ —É—Ç—Ä–µ–Ω–Ω–µ–º –Ω–∞–º–∞–∑–µ –µ–≥–æ –º–∞–ª–æ–ª–µ—Ç–Ω–µ–π –∂–µ–Ω–µ –∞–∏—à–µ –ø—Ä–æ–¥—Ä–∞–ª–∏ –≤—Å–µ –æ—á–∫–∏ –∏ –∏–∑–ø–∏–¥–æ—Ä–∞—Å–∏–ª–∏ –∫ —Ö—É—è–º –µ–µ –µ–±—É—á—É—é –∏—Å–ª–∞–º—Å–∫—É—é –ø–∏–∑–¥—É"
192,2023-03-09 10:53:40+00:00,"–ù–æ –æ–Ω–æ –∏ –ø–æ–Ω—è—Ç–Ω–æ  –∞ —Ö—É–ª–∏ –æ–Ω–∏ —Å–∫–∞–∂—É—Ç –µ—â—ë) —Ç–∏–ø–∞ ¬´–º—ã –µ–≥–æ —É–±–∏–ª–∏,¬ª–í–æ–æ–±—â–µ —É–¥–∏–≤–ª—ë–Ω , —á—Ç–æ —ç—Ç–æ –¥–µ–ª–æ –¥–æ —Å–∏—Ö –ø–æ—Ä –Ω–µ –∑–∞—Å–µ–∫—Ä–µ—Ç–µ–ª–∏ )"
172,2023-03-02 12:08:30+00:00,–î—Ä—É–∂–æ–∫ –µ–≥–æ —Å–µ–≥–æ–¥–Ω—è –≤ –ë—Ä—è–Ω—Å–∫–µ –æ—Ç–ª–∏—á–∏–ª—Å—è. –ü–∏–¥–æ—Ä–∞—Å  –î–µ–Ω–∏—Å –ö–∞–ø—É—Å—Ç–∏–Ω
31,2023-02-12 10:36:57+00:00,–ù–µ –Ω–∞ —á—Ç–æ –Ω–µ –≥–æ–¥–Ω–æ–µ —É—ë–±–∏—â–µ –≥–æ–≤–æ—Ä–∏—Ç –æ —Å–≤–æ—ë–º –º–Ω–µ–Ω–∏–µ –∫–æ—Ç–æ—Ä–æ–µ –Ω–µ –∫—Ç–æ –Ω–µ –±–µ—Ä—ë—Ç –≤ —Å—á—ë—Ç
15,2023-03-23 13:30:20+00:00,–ù–∏—á–µ–≥–æ –ø—Ä–æ—Ç–∏–≤ –Ω–µ –∏–º–µ—é –Ω–æ –ø–æ—á–µ–º—É –∏–∑ –∑–∞ —ç—Ç–æ–≥–æ –∏–∑–±–∏–≤–∞—é—Ç
133,2023-04-04 20:11:49+00:00,"–ù–∞—Ö—É–π –≤—ã —ç—Ç–æ—Ç —Å—Ä–∞—á —Ä–∞–∑–≤–µ–ª–∏,—ç—Ç–∞ –≤–æ–π–Ω–∞ –≥—Ä–∞–º–æ—Ç–Ω–æ –ø—Ä–æ–¥—É–º–∞–Ω–Ω—ã–π –∂–∏–¥–æ–≤—Å–∫–∏–π –ø–ª–∞–Ω –ø–æ —É–Ω–∏—á—Ç–æ–∂–µ–Ω–∏—é —Å–ª–∞–≤—è–Ω"
134,2023-04-05 04:24:59+00:00,–ù—É –∞ –ø—Ä–∏ —á–µ–º —Ç—É—Ç —ç—Ç–æ—Ç —Å—Ä–∞—á?–ö–æ –º–Ω–µ —á–µ–ª –¥–æ–µ–±–∞–ª—Å—è –∏–∑–∞ —Ñ–ª–∞–≥–∞ –≤ –Ω–∏–∫–µ
170,2023-02-21 18:10:26+00:00,"–ï–±–∞—Ç—å —Ç—ã —É–º–Ω—ã–π, –Ω–µ –ª–µ–Ω—å –±—ã–ª–æ –≤—Å—ë —ç—Ç–æ —É–∑–Ω–∞–≤–∞—Ç—å —Ç–∞–∫ –µ—â—ë –∏ –∑–∞–ø–æ–º–∏–Ω–∞—Ç—å"
67,2023-04-11 08:09:24+00:00,"–ú–æ—è –¥–µ–≤—É—à–∫–∞ —Å–∫–∞–∑–∞–ª–∞, —á—Ç–æ —è –ø–æ–ª–Ω–æ–µ –≥*–≤–Ω–æ –∏ —á—Ç–æ, –µ—Å–ª–∏ –±—ã –Ω–µ –∂–∞–ª–æ—Å—Ç—å, —Ç–æ –æ–Ω–∞ –± —É—à–ª–∞ –¥–∞–≤–Ω–æ,
–Ø —Ä–∞–∑–±–∏—Ç –∏ —è —Ä–∞—Å—Å—Ç—Ä–æ–µ–Ω –∏, –∫–æ–Ω–µ—á–Ω–æ –∂–µ, —è –¥–∞–º –µ–π –ø–æ –ø–µ—á–µ–Ω–∏ –Ω–æ–≥–æ—é –∑–∞ —Ç–∞–∫–∏–µ –≤–æ—Ç —Å–ª–æ–≤–∞.

–Ø –±—å—é –∂–µ–Ω—â–∏–Ω –∏ –¥–µ—Ç–µ–π, –ø–æ—Ç–æ–º—É —á—Ç–æ —è –∫—Ä–∞—Å–∞–≤—á–∏–∫, –ø–æ—Ç–æ–º—É —á—Ç–æ —è —Å–∏–ª—å–Ω–µ–π, –∏ –æ–Ω–∏ –Ω–µ –º–æ–≥—É—Ç —Å–¥–∞—á–∏ –¥–∞—Ç—å –º–Ω–µ.
–ñ–µ–Ω—â–∏–Ω –∏ –¥–µ—Ç–µ–π –±–∏—Ç—å –Ω–µ–ø—Ä–∞–≤–∏–ª—å–Ω–æ, —è –∑–Ω–∞—é, –Ω–æ –±—å—é –∂–µ–Ω—â–∏–Ω –∏ –¥–µ—Ç–µ–π, –∏ —è —Å–∞–º–æ—É—Ç–≤–µ—Ä–∂–¥–∞—é—Å—å, –æ-–æ-–æ.

–Ø —Ä–∞–±–æ—Ç–∞—é —É—á–∏—Ç–µ–ª–µ–º –∏ —è —É—á—É —Ä–µ–±—è—Ç: –∑–Ω–∞–º–µ–Ω–∞—Ç–µ–ª—å, –∏ —á–∏—Å–ª–∏—Ç–µ–ª—å, –∏ –¥–µ–ª–∏—Ç—å, –∏ —É–º–Ω–æ–∂–∞—Ç—å,
–¢—ã –Ω–µ –≤—ã—É—á–∏–ª —É—Ä–æ–∫–∏, —Ç–∞–∫ –Ω–µ —Å—É–π –º–Ω–µ —Å–≤–æ–π –¥–Ω–µ–≤–Ω–∏–∫, –ø–æ **–∞–ª—É —Ç–æ–ª—Å—Ç–æ–π –∫–Ω–∏–∂–∫–æ–π –ø–æ–ª—É—á–∞–µ—Ç —É—á–µ–Ω–∏–∫.

–Ø –±—å—é –∂–µ–Ω—â–∏–Ω –∏ –¥–µ—Ç–µ–π, –ø–æ—Ç–æ–º—É —á—Ç–æ —è –∫—Ä–∞—Å–∞–≤—á–∏–∫, –ø–æ—Ç–æ–º—É —á—Ç–æ —è —Å–∏–ª—å–Ω–µ–π, –∏ –æ–Ω–∏ –Ω–µ –º–æ–≥—É—Ç —Å–¥–∞—á–∏ –¥–∞—Ç—å –º–Ω–µ.
–ñ–µ–Ω—â–∏–Ω –∏ –¥–µ—Ç–µ–π –±–∏—Ç—å –Ω–µ–ø—Ä–∞–≤–∏–ª—å–Ω–æ, —è –∑–Ω–∞—é, –Ω–æ –±—å—é –∂–µ–Ω—â–∏–Ω –∏ –¥–µ—Ç–µ–π, –∏ —è —Å–∞–º–æ—É—Ç–≤–µ—Ä–∂–¥–∞—é—Å—å, –æ-–æ-–æ.

–ê —Å–µ–≥–æ–¥–Ω—è –≤ –Ω–æ—á–Ω–æ–º –∫–ª—É–±–µ –æ–≥—Ä–æ–º–∞–¥–Ω—ã–π –∫–æ—Å—Ç–æ–ª–æ–º –æ–±–æ–∑–≤–∞–ª –º–µ–Ω—è –ø—Ä–∏–ª—é–¥–Ω–æ –∏ –ø–æ–¥ –∑–∞–¥ –º–Ω–µ –¥–∞–ª –ø–∏–Ω–∫–æ–º,
–ù–∏—á–µ–≥–æ –Ω–µ –≤—ã–π–¥–µ—Ç, –ø–∞—Ä–µ–Ω—å, –≤–µ–¥—å —è –Ω–µ –ø—Ä–∏–µ–º–ª—é –∫—Ä–æ–≤—å, –∏ —è –±—ã—Å—Ç—Ä–æ —É–±–µ–≥–∞—é - —è –∑–∞ –º–∏—Ä –∏ –∑–∞ –ª—é–±–æ–≤—å.

–Ø –±—å—é –∂–µ–Ω—â–∏–Ω –∏ –¥–µ—Ç–µ–π, –ø–æ—Ç–æ–º—É —á—Ç–æ —è –∫—Ä–∞—Å–∞–≤—á–∏–∫, –ø–æ—Ç–æ–º—É —á—Ç–æ —è —Å–∏–ª—å–Ω–µ–π, –∏ –æ–Ω–∏ –Ω–µ –º–æ–≥—É—Ç —Å–¥–∞—á–∏ –¥–∞—Ç—å –º–Ω–µ.
–ñ–µ–Ω—â–∏–Ω –∏ –¥–µ—Ç–µ–π –±–∏—Ç—å –Ω–µ–ø—Ä–∞–≤–∏–ª—å–Ω–æ, —è –∑–Ω–∞—é, –Ω–æ –±—å—é –∂–µ–Ω—â–∏–Ω –∏ –¥–µ—Ç–µ–π, –∏ —è —Å–∞–º–æ—É—Ç–≤–µ—Ä–∂–¥–∞—é—Å—å, –æ-–æ-–æ."
245,2022-05-25 08:30:01+00:00,"–¢—ã —Å–∞–º —Å–∫–∞–∑–∞–ª, —á—Ç–æ —Ç–≤–æ—è —Å–µ–º—å—è –≤ –∞–¥—É –∏ —Ç–∞–∫–∏–µ –∂–µ –∫–∞—Ñ–∏—Ä—ã –±–æ–≥–æ—Ö—É–ª—å–Ω–∏–∫–∏"
113,2023-04-10 18:35:54+00:00,–û–Ω –ø—Ä–æ—Å—Ç–æ –±–∞–π—Ç–∏—Ç –Ω–∞ –ø–æ—Ç–ø–∏—Å–æ—á–Ω–∏–∫–æ–≤ –∞ –ø–æ—Ç–æ–º –ø—Ä–æ–¥–∞—Å—Ç –∞–∫
88,2023-04-10 18:06:38+00:00,—É –Ω–µ–≥–æ –¥–∂–∞–º–∞–ª–æ–≤ —Ä–∞—Ö–º–µ—Ç–æ–≤ —Ç —Ä–∞–¥–∂–º–∞—á–∏–∫–æ–≤ —è –≤ –∏—Å—Ç–µ—Ä–∏–∫–µ
236,2022-05-28 08:33:21+00:00,–ó–Ω–∞—á–∏—Ç —É —Ç–µ–±—è —Å –≥–ª–∞–∑–∞–º–∏ –ø—Ä–æ–±–ª–µ–º–∞. –ü–æ—Ç–æ–º—É —á—Ç–æ –æ–Ω –∏–¥–µ–∞–ª—å–Ω–æ —Ä–æ–≤–Ω—ã–π.
125,2023-04-11 06:35:31+00:00,–£ –Ω–∞—Å –æ—Ö—Ä–∞–Ω–Ω–∏–∫ –±–∞–±–∫–∞ 50 –ª–µ—Ç –æ–Ω–∞ –≤ —Å–æ–ª–æ —Ö–∞—á–∞ –∑–∞–¥–µ—Ñ–∞–µ—Ç
146,2023-04-11 11:12:13+00:00,–ù—É –≤–∏–∂—É —á—Ç–æ —Å—Ç–æ–∏—Ç –∏ —Ç–µ–±—è –Ω–∞ –ê–≤–µ –∏ –ø–æ–Ω–∏–º–∞—é —á—Ç–æ —Ç—ã —Å—ã–Ω –≥–æ—Ä–Ω–æ–≥–æ –æ—Å–ª–∞ –µ–±–∞
173,2023-03-02 07:25:52+00:00,"–¢—ã –æ–±—ä–µ–ª—Å—è –≤–∏—à–Ω–µ–≤—ã—Ö –∫–æ—Å—Ç–æ—á–µ–∫?
–ò–ª–∏ –ø–æ—á–µ–º—É —Ç—ã —Ç–∞–∫–æ–π —Ä–∞—Å–∫–∏–¥–∏—Å—Ç—ã–π –æ–ª–µ–Ω—å? –ö—Ç–æ –±–ª—è—Ç—å –ª–æ–≤–∏—Ç –ø–µ–¥–æ—Ñ–∏–ª–∞ –Ω–∞ 15-–ª–µ—Ç–Ω–∏—é –ª–æ—à–∞–¥—å –∏ –ø—Ä–∏ —ç—Ç–æ–º —Å–∞–º —Å–∫–ª–æ–Ω—è–µ—Ç –∫ —Å–µ–∫—Å—É —Å –Ω–µ—Å–æ–≤–µ—Ä—à–µ–Ω–Ω–æ–ª–µ—Ç–Ω–µ–π? –î–∞ –∏ –≤ —Ü–µ–ª–æ–º —Å –∫–∞–∫–∏—Ö –ø–æ—Ä 4 –≥–æ–¥–∞ —ç—Ç–æ –±–æ–ª—å—à–∞—è —Ä–∞–∑–Ω–∏—Ü–∞ –≤ –≤–æ–∑—Ä–∞—Å—Ç–µ? –£–¥–∞–ª–∏ –Ω–∞—Ö—É–π —ç—Ç–∏ —Å–∫—Ä–∏–Ω—ã –∏ –Ω–µ –ø–æ–∑–æ—Ä—å—Å—è –±–ª—è—Ç—å"
149,2023-04-11 11:48:33+00:00,—Ç—ã –∑–∞–∫—Ä–æ–π –µ–±–∞–ª–æ –∏ –ø—Ä–∏—Å—Ç—É–ø–∞–π –æ—Ç—Å–∞—Å—ã–≤–∞—Ç—å –º–Ω–µ —Å—ã–Ω —à–ª—é—Ö–∏
205,2023-03-17 14:27:27+00:00,"–º–∞–∫–∞–∫–∏ –≤ –∫—Ä–∞–π –∞—Ö—É–µ–ª–∏, —Ç–æ –∞–∑–µ—Ä—ã –Ω–∞—Ü –≥—Ä—É–ø–ø–∏—Ä–æ–≤–∫—É —Å–æ–∑–¥–∞—é—Ç, —Ç–æ —á–µ—á–∏–∫–∏ –ø–ª–∞–Ω–∏—Ä—É—é—Ç —á—Ç–æ —Ç–æ —Å–¥–µ–ª–∞—Ç—å ü¶çü¶çü¶ç, –Ω–æ –µ—Å–ª–∏ –ø–µ—Ä–≤—ã—Ö –≤–æ–∑–º–æ–∂–Ω–æ –∫–∞–∫ —Ç–æ –≤—ã–ø–∏–∑–¥–∏—Ç—å, —Ç–æ –≤—Ç–æ—Ä—ã–µ –∑–∞ —Å—á–µ—Ç –∫–∞–¥—ã—Ä–æ–≤–∞ 0 –Ω–∞–∫–∞–∑–∞–Ω–∏—è –Ω–µ—Å—É—Ç"
39,2023-04-11 09:36:54+00:00,–õ–Æ–î–ò –ü–û–©–ê–î–ò–¢–ï –ù–ê–° –ò–ù–ê–ß–ï –ú–´ –ó–ê–ë–û–õ–ï–ï–ú –ë–†–ê–ù–•–ò–¢–û–ú –ò –û–ë–û–°–†–ï–ú–°–Ø –ü–û–ù–û–°–û–ú
199,2023-03-18 12:10:34+00:00,–ö–æ–≥–¥–∞? –Ø –Ω–µ –∫–æ–º—É –ì–° –Ω–µ –∑–∞–ø–∏—Å—ã–≤–∞–ª —á–µ–ª —Ç—ã –º–µ–Ω—è —Å –∫–µ–º-—Ç–æ –ø—É—Ç–∞–µ—à—å
143,2023-04-11 11:09:22+00:00,–ù—É —Ç—ã —Å—ã–Ω –¥–æ—Ö–ª–æ–π —Å–æ–±–∞–∫–∏ –∫–∞–∫–æ–≥–æ —Ö—É—è —Ç—ã –∑–∞–±—ã–ª –≤ —ç—Ç–æ–º —á–∞—Ç–µ? –í —ç—Ç–æ–º —á–∞—Ç–µ –≤—Å–µ –ø—Ä–æ—Ç–∏–≤ —Ç–∞–∫–∏—Ö —Ö—É–µ–≥–ª–æ—Ç–æ–≤ –∫–∞–∫ —Ç—ã
112,2023-04-10 18:34:22+00:00,"–í—Å–µ –Ω–µ –ø–∏—à–∏—Ç–µ —Å—é–¥–∞ –º –æ—Ç–ø–∏—à–∏—Ç–µ—Å—å, —á—Ç–æ –±—ã –Ω–µ –ø—É–≥–∞–ª –∏ –Ω–µ —Å–ª–∞–≤–∏–ª—Å—è"
92,2023-04-10 18:09:55+00:00,"—á–µ–ª–∏–∫—É –Ω–µ—Ö—É–π –¥–µ–ª–∞—Ç—å, —Ä–µ—à–∏–ª –ø–æ—Å–≤–∞—Ç–∞—Ç—å —à–∫–æ–ª—ã, –≤—ã –∂–µ –∫–∞–∫ –µ–±–∞–Ω–Ω—ã–µ –ª–æ—Ö–∏ –≤–µ–¥–µ—Ç–µ—Å—å)"
164,2023-04-05 07:44:25+00:00,"–í–æ –ø–µ—Ä–≤—ã—Ö - —Ç—ã –ø–∏–∑–¥–∞–±–æ–ª –º–∞–ª–æ–ª–µ—Ç–Ω–∏–π, –∫–æ–≥–æ –Ω–∞–µ–±–∞—Ç—å –ø—ã—Ç–∞–µ—à—å—Å—è, —Ü–µ–Ω–∏—Ç–µ–ª—å —Ä–æ–±–ª–æ–∫—Å–∞ –∏ —Ç–≤–∏—á–∞?) –ê –≤–æ –≤—Ç–æ—Ä—ã—Ö, —Ç—ã –ø–∏–∑–¥–µ—Ü —Ç—É–ø–æ–π, –º–∞–ª–æ–π... —Ç—ã –¥–∞–∂–µ –∞–±—É –±–∞–Ω–¥–∏—Ç–æ–≤ –∏ —Å–µ–ª—é–∫–æ–≤ –ø–æ —Ä–∞–∑—É–º—É –Ω–µ –¥–æ–≥–æ–Ω—è–µ—à—å, —Ö—É–ª–∏ —Ç—É—Ç –≥–æ–≤–æ—Ä–∏—Ç—å, —Ç—ã –æ—Ç –Ω–∏—Ö –û–¢–°–¢–ê–ï–®–¨ –±–ª—è—Ç—å. ü§£

""–ø–æ—Å—Ç–∞–≤–∏–ª –µ–≥–æ –ø–æ—Ç–æ–º—É —á—Ç–æ —Ä–æ—Ñ–ª"", –∑–∞–≥—Ä—É–∑–∏–ª –æ–≤–µ—Ä-–¥–æ—Ö—É—è —Ñ–æ—Ç–æ–∫ –ú–∞–∫—Å–∞ —Å–µ–±–µ –Ω–∞ –∞–≤—É, –ø—ã—Ç–∞—è—Å—å –≤—ã–¥–µ–ª–∏—Ç—å—Å—è —Å—Ä–µ–¥–∏ —Ä–æ–≤–µ—Å–Ω–∏–∫–æ–≤-—à–∫–æ–ª—å–Ω–∏–∫–æ–≤ –∏–∑-–∑–∞ —Ç—Ä–µ–Ω–¥–∞ –≤ —Ç–∏–∫-—Ç–æ–∫–µ, –Ω–æ –æ–±–æ—Å—Ä–∞–ª—Å—è –∏ —ç—Ç–æ –≤—ã–≥–ª—è–¥–∏—Ç —Å–º–µ—à–Ω–æ –∏ –Ω–∞–∏–≥—Ä–∞–Ω–Ω–æ –º–∞–∫—Å–∏–º–∞–ª—å–Ω–æ, —Ü–µ–Ω–∏—Ç–µ–ª—å 2019 –≥–æ–¥–∞ —Ö—É–µ–≤. üòÇ

–ù–∏—á–µ–≥–æ —Å—Ç—Ä–∞—à–Ω–æ–≥–æ, –º–∞–ª–æ–π, –ø–µ—Ä–µ—Ä–∞—Å—Ç–µ—à—å –µ—â—ë —Å–≤–æ—é —é–Ω–æ—à–µ—Å–∫—É—é —Ö—É–π–Ω—é, –Ω–æ –ª—É—á—à–µ –º–æ–ª—á–∏ –∏ –Ω–µ –ø–æ–∑–æ—Ä—å —Å–µ–±—è —Å–≤–æ–∏–º –¥–µ—Ç—Å–∫–∏–º —Ä–∞–∑—É–º–æ–º."
89,2023-04-10 18:09:28+00:00,"–¢—É—Ç, –º–Ω–µ –∫–∞–∂–µ—Ç—Å—è, –±–æ–ª—å—à–µ –ø–æ–ª–æ–≤–∏–Ω—ã –Ω–∞ –ø–æ–ª–Ω–æ–º —Å–µ—Ä—å—ë–∑–µ"
87,2023-04-10 18:06:53+00:00,–¢–∞–∫ –≤—ã —á–µ –æ–Ω –ø—Ä–æ—Å—Ç–æ –∑–∞–≤—Ç—Ä–∞ —ç—Ç–∏ —à–∫–æ–ª—ã —ç–≤–∞–∫—É–∏—Ä—É–µ—Ç –∏ –≤—Å—ë
186,2023-03-27 12:18:28+00:00,–°–æ–±–æ–ª–µ–∑–Ω—É—é –≤—Å–µ–º –∫—Ç–æ –¥—É–º–∞–µ—Ç —á—Ç–æ 15-18 –ª–µ—Ç —ç—Ç–æ —É–∂–µ –≤–∑—Ä–æ—Å–ª—ã–π —á–µ–ª–æ–≤–µ–∫
130,2023-04-11 05:56:51+00:00,–¢—ã –¥–∞—É–Ω. –°–¥–æ—Ö–Ω–∏ –≤ –∫–∞–Ω–∞–≤–µ –º—Ä–∞–∑—å. –¢–ï–ë–Ø –£–ñ–ï –ù–ò–ö–¢–û –ù–ï –ë–û–ò–¢–°–Ø. –î–∞ –∫–æ–º—É —Ç—ã –Ω—É–∂–µ–Ω –æ–±–∏–∂–µ–Ω–Ω—ã–π‚Äì—Ä–µ–±—ë–Ω–æ–∫) —Ö–ø—Ö–ø—Ö–ø—Ö–ø—Ö
1,2022-02-07 18:58:03+00:00,"–ê —Ç—ã —É –Ω–∞—Å –≥–µ—Ä–æ–π –∞–Ω—Ç–∏—Ñ–∞ –¥–≤–∏–∂–µ–Ω–∏—è? –ò–ª–∏ —Ö–æ—á–µ—à—å —Å—Ç–∞—Ç—å –º—É—á–µ–Ω–∏–∫–æ–º, –∫–∞–∫ —Ç–≤–æ–π –ª—é–±–∏–º—ã–π –¢–∏–º—É—Ä –•–∞—á–∞—Ä–∞–≤–∞?)"
188,2023-03-27 18:18:38+00:00,—á—Ç–æ –¥–µ–ª–∞—é—Ç –∞–¥–º–∏–Ω—ã —ç—Ç–æ–≥–æ –∫–∞–Ω–∞–ª–∞ –¥–ª—è –æ—Å–≤–æ–±–æ–∂–¥–µ–Ω–∏—è —Å–≤–æ–µ–π —Å—Ç—Ä–∞–Ω—ã –∏–∑ —Ä–∞–±—Å—Ç–≤–∞?
129,2023-04-11 06:23:59+00:00,"–∫ —Ç–∞–∫–æ–º—É –±—ã –≤–∫—É—Å–Ω—ã—Ö –∫—É–ø–∏—Ç—å –∏ —Å–º–æ—Ç—Ä–µ—Ç—å –∫–∞–∫ —á–µ–ª–æ–≤–µ–∫ —Å—Ç—Ä–∞–¥–∞–µ—Ç —Ö—Ä–µ–Ω—å—é, —ç—Ö–º"
48,2023-04-11 09:52:56+00:00,"–¥–µ–≤–æ—á–∫–∞ –≤—ç–Ω—Å—ç–π –≥—Ä—É—Å—Ç–Ω—ã–π —ç–º–æ–¥–∂–∏
—Ç—ã –º–Ω–µ –Ω—Ä–∞–≤–∏—à—å—Å—è —Ç–µ–º —á—Ç–æ –Ω–∏ –Ω–∞ –∫–æ–≥–æ –Ω–µ –ø–æ—Ö–æ–∂–∞"
155,2023-04-11 14:59:40+00:00,–º—ã —Ç–µ–±—è –µ–±–∞–Ω–æ–≥–æ —Å—ã–Ω–∫–∞ —à–ª—é—Ö–∏ —Ç—É—Ç –¥–æ –±–µ–ª–æ–≥–æ –∫–æ–ª–µ–Ω–∏—è –¥–æ–≤–µ–¥–µ–º
27,2023-02-13 12:32:50+00:00,"–°—É–∫–∞ —É —Ç–µ–±—è –Ω–∞ –≤—Å—ë –æ–¥–Ω–∏ –≥–æ–≤–æ—Ä—ã, –æ—Ç–∫—Ä–æ–π —Å–ª–æ–≤–∞—Ä—å –º–æ–∂–µ—Ç —á—Ç–æ-—Ç–æ –Ω–æ–≤–æ–µ —É–∑–Ω–∞–µ—à—å
–ß—Ç–æ  —Ü —Å—ã–Ω –ë–∞—Ä–±–æ—Å–∞"
106,2023-04-10 19:27:06+00:00,"–í—Å–µ –Ω–∞ —ç—Ç–æ —É–∂–µ –∑–∞–±–∏–ª–∏, –î–∞—É–Ω –∫–∞–∫–æ–π-—Ç–æ –∑–∞ —ç–∫—Ä–∞–Ω–æ–º —Å–∏–¥–∏—Ç"
47,2023-04-11 09:45:00+00:00,"–£ –∫–æ–≥–æ —Ç–æ —É—Ä–æ–∫–∏ —ç—Ç–æ —Å–æ—Ä–≤–∞–ª–æ, –∞ —É –Ω–∞—Å –∫–æ–Ω–µ—á–Ω–æ –∂–µ –Ω–∏—á–µ–≥–æ –Ω–µ –±—ã–ª–æüëç

–£—á–∏—Ç–µ–ª—å –≥–æ–≤–æ—Ä–∏–ª, –Ω–æ –Ω–µ—Ç –Ω–∏—á–µ–≥–æ –≤–∞–∂–Ω–µ–µ –≥–µ–æ–º–µ—Ç—Ä–∏–∏. 

–°—É—Ä–æ–≤—ã–µ —Å–æ–≤–æ—á–Ω—ã–µ —à–∫–æ–ª—ã"
250,2022-05-27 09:29:11+00:00,"–¢—ã –Ω–∏—á–µ–≥–æ –Ω–µ –º–æ–∂–µ—à—å –¥–æ–∫–∞–∑–∞—Ç—å, —Ç—ã –æ–±–∏–∂–µ–Ω, –≤–æ—Ç –∏ –±–µ—Å–∏—à—å—Å—è, —Ç—ã –ø–æ –∂–∏–∑–Ω–∏ –Ω–∏–∫—Ç–æ, –∞ —Ç—É—Ç —Ç–µ–±–µ –Ω–∞–≤—è–∑–∞–ª–∏ —á—Ç–æ —Ç—ã –ø–æ–º–æ—â–Ω–∏–∫ –±–æ–≥–∞, —Ç–≤–æ—è –≥–æ–ª–æ–≤–∞ –Ω–µ —Ç–≤–æ–∏ –º—ã—Å–ª–∏ —Ç—ã —Ç–æ —á–µ–º –ø–æ–ª—å–∑—É—é—Ç—Å—è"
21,2023-03-27 19:53:14+00:00,"–ù–∞–ø—Ä—è–≥ –Ω–∞ —Å—Ç–æ–ª—å–∫–æ, —á—Ç–æ –ø–∏—à–µ—à—å —Å—é–¥–∞ —Å –Ω–∞–º–µ—Ä–µ–Ω–∏–µ–º –ø—Ä–æ—Ç–∏–≤–æ–ø–æ—Å—Ç–∞–≤–ª–µ–Ω–∏–µ –Ω–∞—à–∏–º –¥–∏–∞–ª–æ–≥–∞–º –∏ –Ω–∞–º–µ—Ä–µ–Ω–∏—è–º, –∑–∞—á–µ–º, –µ—Å–ª–∏ —Ç—ã –ø—Ä–æ—Ç–∏–≤ –Ω–∞—à–µ–≥–æ –¥–≤–∏–∂–µ–Ω–∏—è"
61,2023-04-11 10:44:53+00:00,"–í–æ—Ç –≤–∞–º —Å—Ç—Ä–∞—à–Ω–æ, –∞ —è —Å 3 —ç—Ç–∞–∂–∞ –ø–ª–∞–Ω–∏—Ä–æ–≤–∞–ª–∞ —Å–ø—Ä—ã–≥–Ω—É—Ç—å"
246,2022-05-25 08:14:32+00:00,"–ì–æ—Ä–æ–¥ –Ω–µ –Ω–∞–∑–≤–∞–ª –∑–Ω–∞—á–∏—Ç —á–µ—Ä—Ç, –ê –Ω–∏–∫–∞–∫–æ–π —Ç—ã –Ω–µ –º—É—Å—É–ª—å–º–∞–Ω–∏–Ω, —Å—Å—ã–∫–ª–æ —Ç—ã, –µ—â—ë —Å–æ–±—Ä–∞–ª—Å—è –Ω–µ–≤–µ—Ä–Ω—ã—Ö –ø–æ—Ä–µ—à–∞—Ç—å, –∫–∏—à–∫–∞ —Ç–æ–Ω–∫–∞"
237,2022-10-24 19:51:10+00:00,"–ò –ø—Ä–∏—Ç–æ–º –∫–∞–∫ –±—ã —Ç—ã –Ω–µ –±—Ä—ã–∫–∞–ª–∞—Å—å –∏ –Ω–µ –æ—Ä–∞–ª–∞.—Å–≤–∏–¥–µ—Ç–∏–ª–∏ –ò–µ–≥–æ–≤—ã –Ω–µ –∏–º–µ—é—Ç –ø—Ä–∞–≤–∞ —Ç–µ–±—è –Ω–µ–Ω–∞–≤–∏–¥–µ—Ç—å –∏–ª–∏ –ø–µ—Ä–µ—É–±–µ–∂–¥–∞—Ç—å.–∫ —Ç–æ–º—É —á–µ–º—É —É—á–∞—Ç —ç—Ç–∏ –ª—é–¥–∏ –∏–º –¥–∞–ª–∞ –æ–¥–Ω–∞ –∫–Ω–∏–≥–∞ –∏ —ç—Ç–æ –±–∏–±–ª–∏—è .–∞ –∑–∞–≤—Å—Ç–∞–≤–ª—è—Ç—å —Ç–µ–±—è –Ω–µ –±—É–¥—É—Ç ,–∏–ª–∏ —Å–∞–º–∞ –¥–æ–π–¥–µ—à –∏–ª–∏ —Å–∞–º–∞ –Ω–µ –¥–æ–π–¥–µ—à"
122,2023-04-10 12:57:55+00:00,–°–ª—É—à–∞–π—Ç–µ –∞ –ø–æ—á–µ–º—É –æ–Ω —Å–∞–º —Å—é–¥–∞ –Ω–µ –ø–∏—à–µ—Ç –Ω–∏—á–µ–≥–æ –∏—Å–ø—É–≥–∞–ª—Å—è –ø–ª–∞—á–µ—Ç –Ω–∞–≤–µ—Ä–Ω–æ–µ –±–µ–¥–Ω–µ–Ω—å–∫–∏–π
60,2023-04-11 11:08:57+00:00,"–û—Ç —á–µ–≥–æ —ç–≤–∞–∫—É–∏—Ä–æ–≤–∞—Ç—å—Å—è.
–û–Ω –∏–º –ø–æ–¥ –¥–≤–µ—Ä—å –Ω–∞—Å—Ä–µ—Ç –∏–ª–∏ —á—Ç–æ"
86,2023-04-11 08:48:15+00:00,"–≠—Ç–∞ –∑–∞–ª—É–ø–∞ —É–∂–µ —Å —Å–∞–º–æ–≥–æ —É—Ç—Ä–∞ –ø–µ—Ä–µ–Ω–æ—Å–∏—Ç –≤—Å—é —ç—Ç—É —Ö—É–π–Ω—é, —Å–Ω–∞—á–∞–ª–∞ 57 –º–∏–Ω—É—Ç, –∫–æ–≥–¥–∞ —ç—Ç–∏ –º–∏–Ω—É—Ç—ã –ø—Ä–æ—à–ª–∏ –≤—Å—ë —Ç–∞–∫–∏ 10 –º–∏–Ω—É—Ç –æ—Å—Ç–∞–ª–æ—Å—å –∏ —Ç–∞–∫ –ø–µ—Ä–µ–Ω–æ—Å–∏—Ç, –ø–µ—Ä–µ–Ω–æ—Å–∏—Ç"
226,2022-09-13 09:54:27+00:00,"–ê –≥–¥–µ –≤–∞—à–µ –∫—É–ª—å—Ç—É—Ä–∞ –∏ —ç—Ç–∏–∫–∞ —Ç–∞–∫ –≤—ã—Ä–∞–∂–∞—Ç—å—Å—è,—ç—Ç–æ –Ω–µ –ø–æ —Ö—Ä–∏—Å—Ç–∏–∞–Ω—Å–∫–∏.üôÑ"
36,2023-02-16 17:15:54+00:00,–û–Ω –Ω–µ —É–º–µ–µ—Ç –≤—Å—Ç—É–ø–∞—Ç—å –≤ –≥—Ä—É–ø–ø—É –∏ –ø–æ —ç—Ç–æ–º—É –æ—Ç–≤–µ—á–∞–µ—Ç –Ω–∞ –≤–∏–¥–µ–æ
238,2022-10-06 14:33:32+00:00,–í—ã –Ω–µ –ø—É—Ç–∞–π—Ç–µ –≥—Ä—É–±—É—é –æ—Ç—Ä—ã–∂–∫—É –∏—É–¥–∞–∏–∑–º–∞ –û–°–ë –∏ –•—Ä–∏—Å—Ç–∏–∞–Ω?
93,2023-04-10 17:54:16+00:00,–°–ª—ã—à—å —Ç—ã –∂–µ —Å–µ–≥–æ–¥–Ω—è –æ–±–µ—â–∞–ª –∏–ª–∏ —Ä–æ–¥–∏—Ç–µ–ª–∏ –ø–æ–≥—É–ª—è—Ç—å –Ω–µ –æ—Ç–ø—É—Å—Ç–∏–ª–∏
200,2023-03-18 09:06:17+00:00,"–∏–º–µ–µ—à—å —Ç—ã –æ—Ç–Ω–æ—à–µ–Ω–∏–µ –º–∞–∫–∞–∫–∞ –µ–±–∞–Ω–∞—è, –Ω–µ —Ç—ã –ª–∏ —Å–ª—É—á–∞–π–Ω–æ –º–Ω–µ –≥—Å –∑–∞–ø–∏—Å—ã–≤–∞–ª —á—Ç–æ –º–æ–π –º–∞–º–∞ –≤ —Ä–æ—Ç –∏–±–∞–ª –∏ —á—Ç–æ –Ω–∞–π–¥—É —Ç–µ–±—è –≥–∞–Ω–¥–æ–Ω —Ä—É—Å–∫–∏–π?"
20,2023-03-27 19:53:59+00:00,–∫–∞–∫ —Ç—ã —ç—Ç–æ —Å–≤—è–∑—ã–≤–∞–µ—à—å —Å –ø–æ—Ö—É–∏—Å—Ç–∏—á–µ—Å–∫–∏–º –æ—Ç–Ω–æ—à–µ–Ω–∏–µ–º –∫ —Ç–µ–±–µ?
217,2023-04-01 19:43:07+00:00,–ï—Å–ª–∏ –±—ã –æ–Ω –ø—Ä—è–º–æ —Å–∫–∞–∑–∞–ª —á—Ç–æ –æ–Ω –Ω–∞—Ü–∏—Å—Ç —Ç–æ –µ–≥–æ –±—ã –∑–∞–±–∏–ª–∏ –Ω–æ–≥–∞–º–∏ —É–∂–µ –¥–∞–≤–Ω–æ
221,2022-09-01 18:30:40+00:00,"–ó–∞—á–µ–º —Ç–æ–≥–¥–∞ –ª–∏—à–∞—Ç—å –æ–±—â–µ–Ω–∏—è –ª—é–¥–µ–π, –∫–æ—Ç–æ—Ä—ã–µ —Ö–æ—Ç—è—Ç –≤—ã–π—Ç–∏ –∏–∑ —ç—Ç–æ–π —Å–µ–∫—Ç—ã? –£ –≤–∞—Å –µ—Å—Ç—å –ø—Ä–∞–≤–æ –≤–µ—Ä–∏—Ç—å –≤ –Ω–µ–≥–æ –∏ –≤ –µ–≥–æ —É—á–µ–Ω–∏—è, –∞ –≤ –¥—Ä—É–≥–∏—Ö –ª—é–¥–µ–π –Ω–µ—Ç –ø—Ä–∞–≤–∞ –ø–µ—Ä–µ—Å—Ç–∞—Ç—å –≤ —ç—Ç–æ –≤–µ—Ä–∏—Ç—å, –±–µ–∑ –ø–æ—Ç–µ—Ä–∏ —Å–≤–æ–µ–π —Å–µ–º—å–∏?"
225,2022-09-13 09:08:32+00:00,"–ê —É –≤–∞—Å –µ—Å—Ç—å –¥–µ—Ç–∏? –í—ã –ø–µ—Ä–µ—Å—Ç–∞–Ω–µ—Ç–µ –æ–±—â–∞—Ç—å—Å—è —Å–æ —Å–≤–æ–∏–º —Ä–µ–±—ë–Ω–∫–æ–º, –µ—Å–ª–∏ –æ–Ω —Ä–µ—à–∏—Ç –≤—ã–π—Ç–∏ –∏–∑ —ç—Ç–æ–π —Ä–µ–ª–∏–≥–∏–∏ –∏–ª–∏ –µ—Å–ª–∏ –µ–≥–æ –∏—Å–∫–ª—é—á–∞—Ç?"
157,2023-04-11 11:04:40+00:00,–∏—Å–ø—ã—Ç–∞–ª –ø–µ–∑–¥–∞–∫ —Ç–≤–æ–µ–π –º–∞–º–∞—à–∏ –Ω–∞ –ø—Ä–æ—á–Ω–æ—Å—Ç—å —Å–≤–æ–∏–º —Ö—É–µ–º —Ö—ã—Ö—ã
120,2023-04-10 11:23:01+00:00,"–ë–ª—è –≤—ã –∫–æ–Ω—á–µ–Ω—ã–µ? –ü–∏–∑–¥–µ—Ü –≤—ã –∫–ª–æ—É–Ω—ã.. –†–µ–±—è—Ç –Ω–µ –≤–µ—Ä—å—Ç–µ, —Å–∫–æ—Ä–µ–µ –≤—Å–µ–≥–æ —ç—Ç–æ –ø–∏–∑–¥–µ—à—å"
154,2023-04-11 15:00:03+00:00,—Ö—É–µ–ø—É—Ç–∞–ª–æ –º–µ—Å—è—á–Ω–æ–µ —Ç—ã –∏ –ø–æ–ª–≥–æ–¥–∞ —Ç—É—Ç –Ω–µ –ø—Ä–æ–¥–µ—Ä–∂–∏—à—å—Å—è –º—É–¥–∏–ª–∞ —Ä–æ–≥–∞—Ç–∞—è
203,2023-03-17 20:29:41+00:00,"–û, –∫–æ–≥–¥–∞ –ø–æ—Å—Ç—É–ø–∏–ª –Ω–∞ –ø–µ—Ä–≤—ã–π –∫—É—Ä—Å –∏ –≤—Å–µ—Ö —Å –∫–µ–º –Ω–µ —Å–æ–≥–ª–∞—Å–µ–Ω –º–æ–∂–µ–¥—å –Ω–∞–∑—ã–≤–∞—Ç—å —à–∫–æ–¥—å–Ω–∏–∫–∞–º–∏"
182,2023-03-27 09:36:59+00:00,"–ù–µ –¥—É–º–∞—é —á—Ç–æ –Ω–æ—Ä–º–∞ –≤ 24 –≥–æ–¥–∞ –º—É—Ç–∏—Ç—å —Å 15 –ª–µ—Ç–Ω–µ–π –ø–∏–∑–¥–æ–π,–∏ —Ç—É—Ç —Å–æ–≤—Å–µ–º –¥—Ä—É–≥–∞—è —Å–∏—Ç—É–∞—Ü–∏—è –Ω—É –∏ –ª–∞–¥–Ω–æ –ú–∞–∫—Å –≤—Å–µ —Ä–∞–≤–Ω–æ —ç—Ç–æ –Ω–µ –ø—Ä–æ–∫–æ–º–º–µ–Ω—Ç–∏—Ä—É–µ—Ç —É–∂–µ"
107,2023-04-10 18:50:36+00:00,–ò–∑ –∂–æ–ø—ã –º–∞–Ω–≥—É—Å—Ç–∞ —Å–æ –≤—Ä–µ–º–µ–Ω –Ω–∞—Ö—É–π –ª–µ–¥–Ω –∫–æ–≤–æ–≥–æ –ø–µ—Ä–∏–æ–¥–∞ –∏ —É–ø–∞–ª –≤ –≤–æ–¥—É –∑–∞–º–µ—Ä–∑ –∏ —Å–µ–π—á–∞—Å –≤—ã—à–µ–ª –∏–∑ –≤–æ–¥—ã —Å 190 —Ö—Ä–æ–º–æ—Å–æ–º–æ–π
94,2023-04-10 17:55:20+00:00,—á–æ –∑–∞ —Ç—É–ø–æ–π —à–∫–æ–ª—å–Ω–∏–∫ —ç—Ç–æ —Å–¥–µ–ª–∞–ª? –∞ –≤–µ–¥—å –∫—Ç–æ —Ç–æ –≤ —ç—Ç–æ –≤–µ—Ä–∏—Ç...
97,2023-04-10 18:55:16+00:00,"–¥–∞ –Ω–∏—Ö—É—è –Ω–µ –Ω–∞–¥–æ –±–ª—è—Ç—å, –ø—Ä–æ—Å—Ç–æ –≠–ª—è –Ω–∞—Ö—É–π, —Ö–æ—Ä–æ—à –≤—Å—è–∫—É—é –¥–∏—á—å –ø—Ä–∏–¥—É–º—ã–≤–∞—Ç—å"
58,2023-04-11 10:25:58+00:00,–û–Ω –º–æ–∏ —Å–æ–æ–±—â–µ–Ω–∏—è —É–¥–µ–ª—è–µ—Ç –ø–æ—Ç–æ–º—É —á—Ç–æ —è –µ–≥–æ –ø–æ —Ñ–∞–∫—Ç–∞–º —Ä–∞–∑–Ω–æ—à—É
44,2023-04-11 09:40:26+00:00,"–≠—Ç–æ—Ç —á–µ–ª —Ä–µ–∫–ª–∞–º—É –≤ —á–∞—Ç –∫–∏–¥–∞–µ—Ç, –æ–Ω –ø–∏–∑–¥–æ–±–æ–ª, —ç—Ç–æ —á–∞—Ç –ø—Ä–æ—Å—Ç–æ —Å —Ä–µ–∫–ª–∞–º–æ–π"
185, 2023-03-27 10:38:34+00:00,"–•—É–ª–∏ –ø–µ—Ä–µ–∫–æ–≤–µ—Ä–∫–∏–≤–∞–µ—à—å, –æ–Ω –Ω–µ –≥–æ–≤–æ—Ä–∏—Ç, —á—Ç–æ –Ω–µ –ø—Ä–æ—Ç–∏–≤ –≤—ã–µ–±–∞—Ç—å. –û–Ω –≤—ã—Å–∫–∞–∑–∞–ª –º–Ω–µ–Ω–∏–µ –æ —Ç–æ–º, —á—Ç–æ –µ—Å–ª–∏ –¥–µ–≤—É—à–∫–∞ —Å–æ–∑—Ä–µ–ª–∞, —É –Ω–µ–µ –≤—ã—Ä–æ—Å–ª–∏ —Å–∏—Å—å–∫–∏, –Ω–∞ –ø–∏–∑–¥–µ –Ω–∞—á–∞–ª–∏ —Ä–∞—Å—Ç–∏ –≤–æ–ª–æ—Å—ã - –º–æ–∂–Ω–æ –µ–±–∞—Ç—å. –û–Ω –Ω–µ –≥–æ–≤–æ—Ä–∏–ª, —á—Ç–æ —Ö–æ—á–µ—Ç –∏–ª–∏ –Ω–µ –ø—Ä–æ—Ç–∏–≤"
11,2023-03-18 10:14:41+00:00,"–í—Å–µ–º –ø—Ä–∏–≤–µ—Ç –∫—Ç–æ –º–æ–∂–µ—Ç —Ä–∞—Å—Å–∫–∞–∑–∞—Ç—å –ø–æ—á–µ–º—É —Å–∫–∏–Ω—Ö–µ–¥—ã —Ç–æ–ø—è—Ç –∑–∞ –Ω–∞—Ü –ì–µ—Ä–º–∞–Ω–∏—é –∏ –Ω–µ –ª—é–±—è—Ç –°–°–°–† –≤–µ–¥—å –Ω–∞—à–∏ –¥–µ–¥—ã –≤–æ–µ–≤–∞–ª–∏ –∑–∞ –Ω–∞—Å –ø—Ä–æ—Ç–∏–≤ –ì–µ—Ä–º–∞–Ω–∏–∏,–ì–µ—Ä–º–∞–Ω–∏—è –∂–µ —Ö–æ—Ç–µ–ª–∞ —É–±–∏—Ç—å –≤—Å–µ—Ö —Å–ª–∞–≤—è–Ω –≤ —á–µ–º –ø—Ä–∏–∫–æ–ª?"
99,2023-04-10 18:58:05+00:00,–û–± —ç—Ç–æ–º –º–Ω–µ –∫–∞–∂–µ—Ç—Å—è –≤—Å–µ –∑–Ω–∞—é—Ç –∏ –∫–∞–∫ –≤–∏–¥–∏—à—å –ª—é–¥–∏ –ø—Ä–æ—Å—Ç–æ –æ–±—â–∞—é—Ç—Å—è
171,2023-02-23 09:01:21+00:00,"–≠—Ç–æ —Ç—ã –Ω–µ –¥–æ–≥–æ–Ω—è–µ—à—å —á—Ç–æ –≤—Å–µ –≤–∏–¥–æ—Å—ã –æ–Ω –¥–µ–ª–∞–ª –ø—Ä–æ—Å—Ç–æ —á—Ç–æ–± –ø–æ–ø–∏–∞—Ä–∏—Ç—å—Å—è –∏ –±–∞–±–ª–∞ —Å—Ä—É–±–∏—Ç—å. –õ–æ–≤–∏–ª –ø–µ–¥–æ—Ñ–∏–ª–æ–≤? –ü—Ä–∏ —ç—Ç–æ–º –≥–æ–≤–æ—Ä–∏–ª —á—Ç–æ –Ω–æ—Ä–º –µ–±–∞—Ç—å 15–ª–µ—Ç–Ω–∏—Ö –¥–µ–≤–æ—á–µ–∫. –ó–∞–µ–±–∏—Å—å –¥–≤–æ–π–Ω—ã–µ —Å—Ç–∞–Ω–¥–∞—Ä—Ç—ã. –¢–∞–∫ –∂–µ, –ø—Ä–æ–¥–≤–∏–≥–∞—è —Å–≤–æ—é –∏–¥–µ—é, –Ω–∏—á–µ–≥–æ –Ω–µ –ø—Ä–∏–¥—É–º–∞–ª —É–º–Ω–µ–µ —á–µ–º –ø–∏–∑–¥–∏—å—å –∏ —É–±–∏–≤–∞—Ç—å —á—É—Ä–æ–∫ –ø–æ –æ–¥–Ω–æ–º—É. –ú–æ–∑–≥"
5,2022-01-02 21:20:54+00:00,"–ï–±–∞—Ç—å, –Ω–µ–≥—Ä, –ø–∏–∑–¥–µ—Ü –∫–∞–∫ —É–¥–∏–≤–∏—Ç–µ–ª—å–Ω–æ —É–≤–∏–¥–µ—Ç—å –Ω–µ–≥—Ä–∞, –∏—Ö –∂–µ —Ç–∞–∫ –º–∞–ª–æ –Ω–∞ –Ω–∞—à–µ–π –ø–ª–∞–Ω–µ—Ç–µ"
128,2023-04-11 06:49:57+00:00,"–°–ª—É—à–∞–π, —Ç—ã —á–µ–ª–æ–≤–µ—á–µ–∫, –∫–æ–º—É —É–≥—Ä–æ–∂–∞–µ—à—å, –Ω**** –≤ –±–∞—à–∫–µ, –Ω–∞–≤–µ—Ä–Ω–æ–µ, –Ω–µ —É–ª–æ–∂–∏–ª–∞—Å—å, –¥–∞?"
22,2023-03-27 19:51:57+00:00,"–Ω–∞–ø—Ä—è–≥ –Ω–∞ —Å—Ç–æ–ª—å–∫–æ, —á—Ç–æ –º–Ω–µ –ø–æ—Ö—É–π –Ω–∞ —Ç–µ–±—è? —Ç—ã –µ–±–∞—Ç—å —á–µ–º –¥—É–º–∞–µ—à—å?"
10,2023-03-18 10:17:04+00:00,"–í —Å–∏–ª—É —Ç–≤–æ–µ–≥–æ –≤–æ–∑—Ä–∞—Å—Ç–∞ —Ç–µ–±–µ —ç—Ç–æ –Ω–∞—Ö—É–π –Ω–µ –Ω–∞–¥–æ, –ø–æ—á–∏—Ç–∞–π –ª–∏—Ç–µ—Ä–∞—Ç—É—Ä—É, –ø–æ–π–º–µ—à—å"
150,2023-04-11 11:48:37+00:00,—Å—ã–Ω —Ö—É–π–Ω–∏ –µ–±–∞–Ω–æ–π –ø–æ–ª—É—á–∞–π –ø–∏–∑–¥—ã –ø–æ —Ä–æ–∂–µ –º—É—Å–æ—Ä –µ–±–∞–Ω—ã–π
229,2022-09-12 10:15:51+00:00,"–ù–∞—Å–∫–æ–ª—å–∫–æ –∂–µ –Ω—É–∂–Ω–æ –∏–∑–≤–∏–≤–∞—Ç—å—Å—è –∫–∞–∫ —É–∂ –Ω–∞ —Å–∫–æ–≤–æ—Ä–æ–¥–∫–µ, —á—Ç–æ–±—ã –Ω–µ –ø—Ä–∏–∑–Ω–∞—Ç—å —Ç–æ–≥–æ, —á—Ç–æ ""–∏—Å—Ç–∏–Ω–∞"" –°–≤–∏–¥–µ—Ç–µ–ª–µ–π –ò–µ–≥–æ–≤—ã - —ç—Ç–æ –ø—Ä–æ—Å—Ç–æ –ª–æ–∂—å. –í—ã–¥—É–º–∫–∞ –ª—é–¥–µ–π, —á—Ç–æ–±—ã –∫–æ–Ω—Ç—Ä–æ–ª–∏—Ä–æ–≤–∞—Ç—å –¥—Ä—É–≥–∏—Ö –ª—é–¥–µ–π. –í—Å—ë –∫–∞–∫ –≤ –ª—é–±–æ–π —Ä–µ–ª–∏–≥–∏–∏. –ù—É–∂–Ω–æ –∑–∞–ø—Ä–µ—Ç–∏—Ç—å —á—Ç–æ-—Ç–æ –Ω–æ—Ä–º–∞–ª—å–Ω–æ–µ, –∑–∞—Å—Ç–∞–≤–∏—Ç—å –ª—é–¥–µ–π –æ—Ç–∫–∞–∑–∞—Ç—å—Å—è –æ—Ç –Ω–µ–∫–æ—Ç–æ—Ä—ã—Ö –Ω–æ—Ä–º–∞–ª—å–Ω—ã—Ö –≤–µ—â–µ–π –≤ –∂–∏–∑–Ω–∏, —á—Ç–æ–±—ã –≤—ã–∑–≤–∞—Ç—å —É –Ω–∏—Ö –æ—â—É—â–µ–Ω–∏–µ, –±—É–¥—Ç–æ –±—ã –æ–Ω–∏ –∏–¥—É—Ç –Ω–∞ –±–æ–ª—å—à–∏–µ –∂–µ—Ä—Ç–≤—ã —Ä–∞–¥–∏ –Ω–µ–∫–æ–π ""–∏—Å—Ç–∏–Ω—ã"". –¢–æ–≥–¥–∞ –∫–∞–∫ —ç—Ç–∏ –∂–µ—Ä—Ç–≤—ã –∞–±—Å–æ–ª—é—Ç–Ω–æ –Ω–µ —Ç—Ä–µ–±—É—é—Ç—Å—è. –≠—Ç–æ –ø—Ä–æ—Å—Ç–æ —ç–ª–µ–º–µ–Ω—Ç –ø—Ä–æ–≥—Ä–∞–º–º–∏—Ä–æ–≤–∞–Ω–∏—è –ª—é–¥–µ–π –∏ –º–∞–Ω–∏–ø—É–ª—è—Ü–∏–∏."
12,2022-07-30 15:03:51+00:00,"–ü—Ä–∏–¥—É—Ä–æ–∫, –∞ –Ω–µ –ª—É—á—à–µ –∑–∞ —Ç—Ä–∏ –¥–Ω—è, —á–µ–º –ø—è—Ç—å –º–µ—Å—è—Ü–µ–≤ –≤ –ø–æ–¥–≤–∞–ª–µ ü§î"
168,2023-02-21 18:15:32+00:00,"–ß—Ç–æ –∑–¥–µ—Å—å —Ç–∞–∫–æ–≥–æ –≥–ª–æ–±–∞–ª—å–Ω–æ–≥–æ, —á—Ç–æ –æ–Ω–æ –¥–æ–ª–∂–Ω–æ –ø–ª–æ—Ö–æ –∑–∞–ø–æ–º–∏–Ω–∞—Ç—å—Å—è, —Ç–∞–∫ –µ—â—ë –∏ –≤—ã–∑—ã–≤–∞—Ç—å —Ç—Ä—É–¥–Ω–æ—Å—Ç–∏ –≤ –∏–∑—É—á–µ–Ω–∏–∏? –ú–Ω–µ –∫–∞–∑–∞–ª–æ—Å—å, —á—Ç–æ –µ—â—ë –¥–∞–≤–Ω–æ –≤—ã–≤–µ–ª–∏ –±–∞–Ω–∞–ª—å–Ω–æ–µ –∫–∞—á–µ—Å—Ç–≤–æ –±–µ–ª–æ–≥–æ —á–µ–ª–æ–≤–µ–∫–∞ ‚Äî —Ç–≤–æ—Ä—á–µ—Å–∫–∏–π –ø–æ—Ç–µ–Ω—Ü–∏–∞–ª (–∏–ª–∏ –ø—Ä–æ–∏–∑–≤–æ–¥—Å—Ç–≤–µ–Ω–Ω–æ—Å—Ç—å), –∞ –∑–Ω–∞—á–∏—Ç –∏ —Ç—è–≥–∞ –∫ –ø—Ä–æ–±–∏–≤–∞–Ω–∏—é —Ç–æ–ª—â–∏ –¥–µ–∑–∏–Ω—Ñ–æ—Ä–º–∞—Ü–∏–∏."
29,2023-02-13 04:30:23+00:00,"–ü–æ–Ω—è—Ç–Ω–æ, –æ—á–µ—Ä–µ–¥–Ω–æ–π —à–∫–æ–ª—å–Ω–∏–∫, —Ç—ã –µ—â—ë –º–∞–ª–µ–Ω—å–∫–∏–π —á—Ç–æ–± —Ç–∞–∫–æ–µ –≥–æ–≤–æ—Ä–∏—Ç—å, —Å–º–æ—Ç—Ä–∏, —á—Ç–æ–± —Ç–µ–±—è –º–∞–º–∞ –∑–∞ —ç—Ç–æ –Ω–µ –Ω–∞—Ä—É–≥–∞–ª–∞ üòÅ"
63,2023-04-11 10:42:29+00:00,–£–¥–∞–ª–∏–ª —Ñ–æ—Ç–∫—É –ø–æ—Ç–æ–º—É —á—Ç–æ –µ–≥–æ —Å–ø–∞–ª–∏–ª–∏ —á—Ç–æ —ç—Ç–æ —Ñ–æ—Ç–æ –∏–∑ –∏–Ω–Ω–µ—Ç–∞
41,2023-04-11 09:37:34+00:00,–ß—É–¥–∏–ª–∞ –∫–æ—Ç–æ—Ä–æ–µ —É–º–µ–µ—Ç —Ç–æ–ª—å–∫–æ —É–≥—Ä–æ–∂–∞—Ç—å –∏ –≤—Å—ë —Ç—ã –Ω–∏–∫—Ç–æ –≤ —ç—Ç–æ–π –∂–∏–∑–Ω–∏ —Ç–µ–±—è –º–∞–∫–∞–ª–∏ –±–∞—à–∫–æ–π –≤ —É–Ω–∏—Ç–∞–∑ –ö–æ–≥–¥–∞ –µ—â—ë —Ç—ã –±—ã–ª –¥–≤–µ–Ω–∞–¥—Ü–∞—Ç–∏–ª–µ—Ç–Ω–∏–º —à–∫–æ–ª—å–Ω–∏–∫–æ–º —Ç–µ–±—è –≤—Å–µ –æ–±–∑—ã–≤–∞–ª–∏ –ø–æ—ç—Ç–æ–º—É —Ç—ã —Å–µ–π—á–∞—Å –ø—ã—Ç–∞–µ—à—å—Å—è –Ω–∞ –≤—Å–µ—Ö —à–∫–æ–ª—å–Ω–∏–∫–∞—Ö –æ—Ç—ã–≥—Ä–∞—Ç—å—Å—è
